AGEPRO VERSION 4.2

2025_MLS_scenario4

Date & Time of Run: 05 May 2025  16:10

Input File Name:    2025_MLS_scenario4.inp

First Age Class:                         1
Number of Age Classes:                  15
Number of Years in Projection:          55
Number of Fleets:                        9
Number of Recruitment Models:            3
Number of Bootstraps:                  100
Number of Simulations:                 100

Bootstrap File Name:            C:\Users\jon.brodziak\Desktop\2024 WCNPO MLS Rebuilding\Bootstrap-numbers-at-age\2023_WCNPOMLS.bsn

Number of Feasible Solutions:       9576  of      10000 Realizations

Input Harvest Scenario

Year  Type        Fleet-1    Fleet-2    Fleet-3    Fleet-4    Fleet-5    Fleet-6    Fleet-7    Fleet-8    Fleet-9    

2021  Landings        118        100        551         72         89         37         58        265        249 
2022  Landings         75         99        464         36         80         54         84        298        284 
2023  Landings        129         80        526         28        110         54         84        214        461 
2024  Landings         83        176        578         27        110         54         84        584        461 
2025  Landings        316        125        904         58        191         85        166        228        326 
2026  Landings        316        125        904         58        191         85        166        228        326 
2027  Landings        316        125        904         58        191         85        166        228        326 
2028  Landings        344        137        713         63        208         93        180        324        337 
2029  Landings        344        137        713         63        208         93        180        324        337 
2030  Landings        344        137        713         63        208         93        180        324        337 
2031  Landings        344        137        713         63        208         93        180        324        337 
2032  Landings        344        137        713         63        208         93        180        324        337 
2033  Landings        344        137        713         63        208         93        180        324        337 
2034  Landings        344        137        713         63        208         93        180        324        337 
2035  Landings        344        137        713         63        208         93        180        324        337 
2036  Landings        344        137        713         63        208         93        180        324        337 
2037  Landings        344        137        713         63        208         93        180        324        337 
2038  Landings        344        137        713         63        208         93        180        324        337 
2039  Landings        344        137        713         63        208         93        180        324        337 
2040  Landings        344        137        713         63        208         93        180        324        337 
2041  Landings        344        137        713         63        208         93        180        324        337 
2042  Landings        344        137        713         63        208         93        180        324        337 
2043  Landings        344        137        713         63        208         93        180        324        337 
2044  Landings        344        137        713         63        208         93        180        324        337 
2045  Landings        344        137        713         63        208         93        180        324        337 
2046  Landings        344        137        713         63        208         93        180        324        337 
2047  Landings        344        137        713         63        208         93        180        324        337 
2048  Landings        344        137        713         63        208         93        180        324        337 
2049  Landings        344        137        713         63        208         93        180        324        337 
2050  Landings        344        137        713         63        208         93        180        324        337 
2051  Landings        344        137        713         63        208         93        180        324        337 
2052  Landings        344        137        713         63        208         93        180        324        337 
2053  Landings        344        137        713         63        208         93        180        324        337 
2054  Landings        344        137        713         63        208         93        180        324        337 
2055  Landings        344        137        713         63        208         93        180        324        337 
2056  Landings        344        137        713         63        208         93        180        324        337 
2057  Landings        344        137        713         63        208         93        180        324        337 
2058  Landings        344        137        713         63        208         93        180        324        337 
2059  Landings        344        137        713         63        208         93        180        324        337 
2060  Landings        344        137        713         63        208         93        180        324        337 
2061  Landings        344        137        713         63        208         93        180        324        337 
2062  Landings        344        137        713         63        208         93        180        324        337 
2063  Landings        344        137        713         63        208         93        180        324        337 
2064  Landings        344        137        713         63        208         93        180        324        337 
2065  Landings        344        137        713         63        208         93        180        324        337 
2066  Landings        344        137        713         63        208         93        180        324        337 
2067  Landings        344        137        713         63        208         93        180        324        337 
2068  Landings        344        137        713         63        208         93        180        324        337 
2069  Landings        344        137        713         63        208         93        180        324        337 
2070  Landings        344        137        713         63        208         93        180        324        337 
2071  Landings        344        137        713         63        208         93        180        324        337 
2072  Landings        344        137        713         63        208         93        180        324        337 
2073  Landings        344        137        713         63        208         93        180        324        337 
2074  Landings        344        137        713         63        208         93        180        324        337 
2075  Landings        344        137        713         63        208         93        180        324        337 

Recruitment Selection Distribution

Year  Selection-1 Selection-2 Selection-3 

2021      0.1170     0.8443     0.0387 
2022      0.1259     0.8367     0.0374 
2023      0.1174     0.8467     0.0359 
2024      0.1162     0.8446     0.0392 
2025      0.1199     0.8400     0.0401 
2026      0.1199     0.8422     0.0379 
2027      0.1183     0.8439     0.0378 
2028      0.1162     0.8423     0.0415 
2029      0.1184     0.8437     0.0379 
2030      0.1233     0.8371     0.0396 
2031      0.1198     0.8407     0.0395 
2032      0.1235     0.8351     0.0414 
2033      0.1224     0.8388     0.0388 
2034      0.1096     0.8466     0.0438 
2035      0.1201     0.8372     0.0427 
2036      0.1187     0.8414     0.0399 
2037      0.1202     0.8394     0.0404 
2038      0.1145     0.8407     0.0448 
2039      0.1189     0.8427     0.0384 
2040      0.1282     0.8315     0.0403 
2041      0.1239     0.8351     0.0410 
2042      0.1225     0.8399     0.0376 
2043      0.1138     0.8425     0.0437 
2044      0.1210     0.8386     0.0404 
2045      0.1236     0.8377     0.0387 
2046      0.1212     0.8397     0.0391 
2047      0.1219     0.8338     0.0443 
2048      0.1133     0.8484     0.0383 
2049      0.1213     0.8404     0.0383 
2050      0.1196     0.8447     0.0357 
2051      0.1244     0.8353     0.0403 
2052      0.1140     0.8451     0.0409 
2053      0.1180     0.8412     0.0408 
2054      0.1180     0.8449     0.0371 
2055      0.1183     0.8445     0.0372 
2056      0.1212     0.8366     0.0422 
2057      0.1243     0.8337     0.0420 
2058      0.1204     0.8372     0.0424 
2059      0.1141     0.8496     0.0363 
2060      0.1202     0.8416     0.0382 
2061      0.1151     0.8412     0.0437 
2062      0.1159     0.8429     0.0412 
2063      0.1234     0.8367     0.0399 
2064      0.1143     0.8451     0.0406 
2065      0.1177     0.8405     0.0418 
2066      0.1196     0.8405     0.0399 
2067      0.1239     0.8369     0.0392 
2068      0.1169     0.8444     0.0387 
2069      0.1129     0.8449     0.0422 
2070      0.1185     0.8408     0.0407 
2071      0.1192     0.8390     0.0418 
2072      0.1127     0.8434     0.0439 
2073      0.1178     0.8396     0.0426 
2074      0.1199     0.8394     0.0407 
2075      0.1114     0.8486     0.0400 

Recruits        1000  Fish

Year Class   Average        StdDev
2021        172.6021       81.3657
2022        173.2656       83.8872
2023        176.1632       84.4013
2024        174.4862       82.7945
2025        174.6490       83.2337
2026        175.2037       85.0490
2027        173.3780       82.3308
2028        174.1114       84.4144
2029        174.6973       81.2631
2030        174.8977       82.8045
2031        174.8446       80.1980
2032        173.6502       81.1438
2033        174.5222       82.5536
2034        174.7100       83.7913
2035        173.3120       80.2714
2036        173.9860       86.0964
2037        174.0464       82.9481
2038        174.7335       85.3589
2039        174.0148       82.3517
2040        172.5013       81.1237
2041        174.6414       82.5716
2042        173.3752       80.0238
2043        174.3708       85.0093
2044        172.3953       80.4202
2045        172.7797       81.7506
2046        173.4487       81.8157
2047        173.2299       83.4501
2048        174.0126       81.9543
2049        174.0887       83.8824
2050        173.9357       81.5756
2051        173.5494       83.2123
2052        172.7626       82.5004
2053        175.0063       81.3304
2054        173.4702       79.6753
2055        173.0135       81.4798
2056        174.0276       82.2450
2057        172.8889       83.9684
2058        174.2986       83.9744
2059        173.6278       83.5140
2060        171.9824       82.4797
2061        174.9975       82.6386
2062        172.6695       81.2226
2063        173.9189       81.4140
2064        173.9106       82.6620
2065        174.4113       81.0604
2066        172.3400       81.9376
2067        172.3441       85.7773
2068        173.7618       83.6021
2069        173.7316       81.7198
2070        173.0641       83.2956
2071        174.5559       83.0147
2072        172.7991       80.8762
2073        174.7999       82.4030
2074        173.1480       82.6746
2075        173.0977       81.5172

Recruits Distribution

Year Class 1%         5%         10%        25%        50%        75%        90%        95%        99%    
2021    68.5739    70.3297    78.5877   104.2922   168.2736   235.9485   277.6872   306.3379   324.9546
2022    68.6562    70.8892    78.9878   104.4450   168.5134   236.2781   278.1743   306.2824   325.1255
2023    68.8008    71.4903    79.7575   105.2239   168.7237   238.3637   282.3249   306.7800   371.9190
2024    68.5988    70.8325    78.9682   104.7576   168.6891   237.4403   281.3484   306.0960   357.2514
2025    68.6861    70.5773    79.1516   104.2319   168.7176   238.4217   281.8973   307.1900   325.7043
2026    68.6774    70.8649    79.3954   104.6730   168.6913   238.0967   283.4337   309.1571   348.8872
2027    68.6590    70.5324    79.0772   104.0229   168.3585   236.3497   278.6718   307.7352   326.9670
2028    68.6382    70.1581    79.0117   104.5643   168.5947   236.1119   280.9274   305.7211   338.2512
2029    68.6080    70.8931    79.5947   104.9387   168.6038   238.2255   282.0505   309.2993   325.5472
2030    68.6851    70.9711    79.4430   105.3618   169.1142   236.8472   279.9199   307.8564   341.3186
2031    68.6751    70.9661    79.8308   106.5375   168.9867   237.1656   279.5907   305.7250   325.4312
2032    68.6634    70.6080    79.5636   104.5882   168.4324   235.6491   279.4464   307.3891   331.7371
2033    68.7180    70.9452    79.2691   105.3002   168.6209   236.9043   279.0883   307.1167   327.2216
2034    68.6555    70.0465    78.9501   104.3922   168.7858   237.4599   282.6559   307.3799   351.6435
2035    68.6405    70.8710    78.7518   104.0907   168.4595   236.2825   277.8556   305.9976   325.7245
2036    68.6901    70.5216    79.1021   105.5460   168.3507   236.2039   279.2548   305.4805   325.5657
2037    68.5548    70.5669    78.6787   104.0384   168.4090   236.8827   280.0241   307.5627   333.4167
2038    68.6701    71.3536    79.2765   105.4982   168.5759   237.0893   280.5251   307.1643   330.3733
2039    68.5859    70.4847    78.8486   104.0747   168.5747   237.2046   280.5394   305.2507   325.6288
2040    68.6712    70.9681    79.1914   104.6658   168.3912   233.8460   277.0441   305.3678   324.8760
2041    68.6966    70.9027    79.4285   105.9813   168.6519   235.5112   281.8793   306.2156   329.4843
2042    68.6623    71.2766    79.3397   105.0186   168.6014   236.6895   278.2079   304.2195   324.7975
2043    68.6278    70.4872    78.8086   104.7489   168.5095   237.4571   279.9707   307.0301   363.7087
2044    68.5593    70.1106    78.7458   104.5411   168.2980   235.8620   278.2160   305.8718   324.7445
2045    68.6095    70.2026    78.7820   104.1242   168.3310   236.0695   277.9107   306.3237   325.5977
2046    68.6212    71.4811    79.4297   104.9452   168.3938   236.2023   278.0150   306.6601   325.2992
2047    68.5884    70.4711    78.8780   104.5600   168.4968   235.4429   280.6076   306.1688   324.8950
2048    68.6175    70.1221    78.6167   104.1570   168.6521   237.2885   278.7039   306.9784   332.0942
2049    68.5866    70.5178    79.0703   105.5253   168.4316   236.6527   281.4866   308.9153   325.3929
2050    68.6270    70.6814    79.3411   105.5600   168.5265   235.6272   279.5343   306.7096   325.4377
2051    68.5828    70.8387    79.2370   104.4784   168.2520   236.7823   281.5528   307.3416   334.7447
2052    68.5637    70.4905    78.7426   103.5911   168.3288   235.2875   280.8472   307.4304   328.6044
2053    68.6144    70.3608    78.7769   105.1471   168.8713   238.8850   282.0461   307.9603   331.8928
2054    68.5826    70.2015    78.8739   105.5202   168.5273   236.8434   278.6544   305.8845   324.6707
2055    68.6132    70.5318    78.4992   103.5401   168.4129   236.9388   280.1423   306.1071   324.7228
2056    68.5978    70.6483    79.1735   105.0614   168.6939   236.5030   279.6275   307.1136   330.9454
2057    68.5918    70.0994    78.5639   103.9411   168.2557   234.9198   279.9762   306.4610   332.4646
2058    68.5775    70.6670    79.3540   104.2712   168.5030   237.3936   280.1341   307.3529   325.3473
2059    68.6107    69.9648    78.7074   104.6746   168.3071   236.7848   282.2576   308.0919   328.9103
2060    68.5613    69.8921    78.5528   103.4726   168.2574   234.6045   279.6074   305.7254   325.4757
2061    68.5922    70.1406    78.9227   105.2284   168.8085   238.1963   280.0747   305.6040   348.8015
2062    68.6157    70.0244    79.0839   104.0347   168.4105   236.0638   278.3828   306.3179   325.4468
2063    68.6050    70.7858    78.9352   105.2023   168.4050   237.7162   282.6395   307.3459   325.0101
2064    68.5753    70.2048    78.6542   104.3356   168.6252   236.8132   280.2591   306.1170   337.0912
2065    68.6108    70.7272    78.8672   104.4912   168.7002   238.8525   279.5046   307.0863   325.6642
2066    68.6023    70.5185    79.1584   104.1479   168.5288   233.7955   278.0959   305.9650   324.3215
2067    68.6295    70.1755    78.3019   102.9845   168.3523   235.5599   281.0384   306.6672   325.3028
2068    68.6020    70.2949    79.1967   104.7406   168.4157   237.2824   278.5594   307.1837   325.2972
2069    68.6103    70.9120    79.3993   105.0032   168.4824   235.6580   279.9660   306.0491   329.1499
2070    68.6157    70.7704    78.5800   103.7919   168.2959   235.7514   278.5095   305.7732   335.3010
2071    68.5514    70.4070    78.7459   104.9901   168.7456   238.1175   281.1228   306.7292   325.6668
2072    68.5633    69.8680    78.1858   103.7078   168.3326   236.5876   279.2588   306.9121   325.4118
2073    68.6392    71.0559    79.3411   105.8605   168.6234   237.8782   280.0515   307.0865   325.9357
2074    68.6016    70.6187    78.8384   104.1724   168.4814   237.0858   277.2371   303.5324   324.7657
2075    68.5637    70.5246    78.7420   103.2387   168.5591   236.4747   280.2670   306.0997   325.2908

Spawning Stock Biomass  x       1000 MT

Year       Average        StdDev
2021        2.7358        0.6279
2022        4.0571        0.8642
2023        5.6491        1.4188
2024        5.8600        1.7298
2025        5.5612        1.8980
2026        5.1938        1.9954
2027        4.8971        2.0450
2028        4.6757        2.0990
2029        4.4990        2.1150
2030        4.3368        2.1077
2031        4.2213        2.1038
2032        4.1389        2.1026
2033        4.0790        2.1022
2034        4.0291        2.1047
2035        3.9828        2.0869
2036        3.9539        2.0849
2037        3.9281        2.0944
2038        3.8952        2.0789
2039        3.8775        2.1171
2040        3.8697        2.1197
2041        3.8638        2.1277
2042        3.8480        2.1340
2043        3.8324        2.1343
2044        3.8310        2.1437
2045        3.8227        2.1427
2046        3.8150        2.1565
2047        3.7953        2.1435
2048        3.7840        2.1437
2049        3.7775        2.1458
2050        3.7761        2.1630
2051        3.7848        2.1732
2052        3.7894        2.1852
2053        3.7858        2.1765
2054        3.7748        2.1686
2055        3.7728        2.1766
2056        3.7823        2.1658
2057        3.7748        2.1478
2058        3.7648        2.1449
2059        3.7605        2.1504
2060        3.7535        2.1715
2061        3.7586        2.1918
2062        3.7467        2.1820
2063        3.7387        2.1686
2064        3.7454        2.1652
2065        3.7333        2.1557
2066        3.7350        2.1547
2067        3.7415        2.1648
2068        3.7390        2.1713
2069        3.7204        2.1816
2070        3.7092        2.2084
2071        3.7136        2.2294
2072        3.7141        2.2235
2073        3.7148        2.2282
2074        3.7193        2.2232
2075        3.7180        2.1944

Spawning Stock Biomass Distribution

Year        1%         5%         10%        25%        50%        75%        90%        95%        99%   
2021     1.5977     1.9867     2.1164     2.3324     2.6411     3.0226     3.4242     3.7186     5.4232 
2022     2.3139     2.8224     3.0432     3.4775     3.9649     4.5302     5.2092     5.6565     6.6123 
2023     3.0292     3.6026     3.9472     4.6229     5.5111     6.4860     7.5797     8.2757     9.5347 
2024     2.6385     3.3439     3.8072     4.6249     5.6910     6.9113     8.1040     8.8922    10.5035 
2025     1.9609     2.7274     3.3072     4.2302     5.4122     6.6889     8.0227     8.8587    10.6802 
2026     1.4140     2.2945     2.8111     3.8178     5.0133     6.3841     7.7372     8.6297    10.5435 
2027     1.1067     1.8939     2.4551     3.4405     4.7196     6.1305     7.5143     8.3785    10.5211 
2028     0.8739     1.6430     2.1817     3.1801     4.4967     5.9265     7.3601     8.2546    10.3887 
2029     0.6530     1.4709     1.9788     3.0200     4.2995     5.7301     7.1784     8.1271    10.3728 
2030     0.5661     1.3517     1.8431     2.8483     4.1329     5.5496     7.0134     7.9110    10.1542 
2031     0.4966     1.2341     1.7440     2.7510     4.0094     5.4234     6.9301     7.7664    10.0192 
2032     0.4227     1.1156     1.6456     2.6596     3.9380     5.3710     6.8481     7.7482     9.9116 
2033     0.3659     1.0498     1.5979     2.5740     3.8626     5.3330     6.7191     7.7666    10.0668 
2034     0.3215     1.0248     1.5318     2.5229     3.8111     5.2888     6.7269     7.6984     9.7999 
2035     0.2516     0.9589     1.5132     2.4893     3.7507     5.2474     6.6689     7.6276     9.7663 
2036     0.2548     0.9560     1.4915     2.4650     3.7459     5.1961     6.6272     7.6236     9.6591 
2037     0.2448     0.9908     1.4671     2.3947     3.7082     5.1696     6.6219     7.5803     9.8741 
2038     0.2201     0.9526     1.4295     2.3807     3.6532     5.1615     6.5762     7.5882     9.9513 
2039     0.1571     0.9171     1.4135     2.3930     3.6516     5.1056     6.5552     7.5267     9.8765 
2040     0.1347     0.8880     1.3928     2.3980     3.6220     5.1163     6.5180     7.6005     9.7735 
2041     0.1294     0.8697     1.3440     2.3538     3.6460     5.0884     6.5497     7.5493     9.8403 
2042     0.0982     0.8142     1.3280     2.3418     3.6248     5.0637     6.5565     7.5337     9.8522 
2043     0.0518     0.8023     1.3062     2.3106     3.6033     5.0481     6.5358     7.6237     9.7915 
2044     0.0010     0.8126     1.3175     2.3067     3.6107     5.0228     6.5850     7.6008     9.9148 
2045     0.0010     0.7753     1.3075     2.3095     3.5896     5.0611     6.5465     7.5425     9.9188 
2046     0.0010     0.7769     1.2863     2.2779     3.5783     5.0824     6.5662     7.5538     9.9086 
2047     0.0010     0.7478     1.2677     2.2582     3.5597     5.0618     6.5384     7.5455     9.8620 
2048     0.0010     0.6907     1.2451     2.2634     3.5653     5.0474     6.5158     7.4452     9.6799 
2049     0.0010     0.6433     1.2122     2.2303     3.5840     5.0514     6.4895     7.4618    10.0301 
2050     0.0010     0.6589     1.1727     2.2441     3.5988     5.0540     6.4955     7.4170     9.9231 
2051     0.0010     0.6495     1.2027     2.2473     3.5800     5.0638     6.5336     7.4615     9.9198 
2052     0.0010     0.6051     1.2022     2.2365     3.5865     5.0661     6.5413     7.4553     9.8568 
2053     0.0010     0.6463     1.1961     2.2380     3.6083     5.0673     6.5453     7.4500     9.7946 
2054     0.0010     0.6004     1.1804     2.2342     3.5659     5.0977     6.5118     7.4438     9.8095 
2055     0.0010     0.6041     1.1657     2.2397     3.5696     5.0720     6.5493     7.4333     9.8094 
2056     0.0010     0.5899     1.1914     2.2331     3.5903     5.0488     6.5173     7.5571     9.8340 
2057     0.0010     0.5569     1.1880     2.2388     3.5821     5.0709     6.5144     7.5122     9.8684 
2058     0.0010     0.5664     1.1547     2.2267     3.5788     5.0673     6.4835     7.5203     9.8210 
2059     0.0010     0.5689     1.1526     2.2312     3.5594     5.0443     6.4861     7.4922     9.6718 
2060     0.0010     0.5286     1.1551     2.2392     3.5614     5.0164     6.4881     7.4621     9.8423 
2061     0.0010     0.4904     1.1269     2.2537     3.5676     5.0348     6.4791     7.4757     9.7444 
2062     0.0010     0.4729     1.1532     2.2460     3.5497     5.0064     6.4831     7.4302     9.8753 
2063     0.0010     0.4631     1.1460     2.2627     3.5396     5.0095     6.4608     7.4288     9.7604 
2064     0.0010     0.4699     1.1639     2.2185     3.5813     5.0167     6.4942     7.4055     9.7331 
2065     0.0010     0.4672     1.1349     2.2010     3.5407     5.0275     6.4663     7.4809     9.5922 
2066     0.0010     0.4143     1.1099     2.2133     3.5578     5.0284     6.5146     7.4356     9.5648 
2067     0.0010     0.3904     1.1013     2.2197     3.5502     5.0514     6.5051     7.5316     9.8098 
2068     0.0010     0.4094     1.0793     2.2041     3.5464     5.0441     6.5275     7.4899     9.7761 
2069     0.0010     0.4060     1.1117     2.1727     3.5315     5.0186     6.4780     7.5417     9.9028 
2070     0.0010     0.3806     1.0672     2.1730     3.5087     5.0054     6.4487     7.4562     9.9385 
2071     0.0010     0.3356     1.0622     2.1732     3.5297     4.9951     6.4507     7.4596    10.1805 
2072     0.0010     0.3401     1.0532     2.1754     3.5100     4.9947     6.4919     7.5257    10.2000 
2073     0.0010     0.3485     1.0302     2.1616     3.5230     5.0072     6.4926     7.5698     9.9867 
2074     0.0010     0.2793     1.0085     2.1619     3.5381     5.0428     6.5234     7.5364     9.9109 
2075     0.0010     0.2555     1.0018     2.1927     3.5427     5.0331     6.5314     7.5097     9.7837 

JAN-1 Stock Biomass  x       1000 MT

Year       Average        StdDev
2021        9.2985        1.5983
2022       10.6173        2.0493
2023       11.5295        2.4296
2024       11.9857        2.6629
2025       11.7976        2.8255
2026       11.3689        2.9456
2027       11.0220        3.0311
2028       10.7282        3.0807
2029       10.4839        3.0976
2030       10.3019        3.0941
2031       10.1580        3.1026
2032       10.0556        3.1276
2033        9.9628        3.1326
2034        9.8961        3.1332
2035        9.8489        3.1316
2036        9.7890        3.1239
2037        9.7489        3.1503
2038        9.7153        3.1722
2039        9.6991        3.1894
2040        9.6805        3.2063
2041        9.6459        3.2304
2042        9.6279        3.2432
2043        9.6107        3.2651
2044        9.6033        3.2728
2045        9.5698        3.2916
2046        9.5397        3.2976
2047        9.5204        3.3155
2048        9.5066        3.3504
2049        9.5018        3.3793
2050        9.5020        3.3858
2051        9.5038        3.3992
2052        9.4894        3.3986
2053        9.4756        3.4030
2054        9.4793        3.4188
2055        9.4779        3.4194
2056        9.4609        3.4255
2057        9.4551        3.4206
2058        9.4329        3.4470
2059        9.4327        3.4681
2060        9.4215        3.4871
2061        9.3949        3.4786
2062        9.4019        3.4798
2063        9.3827        3.4777
2064        9.3741        3.4826
2065        9.3755        3.4966
2066        9.3788        3.5047
2067        9.3611        3.5236
2068        9.3323        3.5469
2069        9.3257        3.5898
2070        9.3190        3.5972
2071        9.3126        3.6216
2072        9.3222        3.6344
2073        9.3093        3.6226
2074        9.3195        3.6151
2075        9.3169        3.6446

JAN-1 Stock Biomass Distribution

Year       1%         5%         10%        25%        50%        75%        90%        95%        99%    
2021     6.3083     6.9530     7.3723     8.1770     9.1547    10.1404    11.5575    12.2991    13.7049 
2022     6.7146     7.5789     8.1351     9.1801    10.4290    11.8308    13.2978    14.3135    16.1039 
2023     6.7962     7.9458     8.6282     9.8490    11.3296    12.9948    14.6471    15.5927    17.9918 
2024     6.7000     7.9799     8.7964    10.1254    11.7887    13.6106    15.3534    16.5732    18.9410 
2025     6.2147     7.5584     8.3708     9.8249    11.5884    13.5419    15.3899    16.5501    19.3097 
2026     5.5754     6.9405     7.7620     9.3446    11.1441    13.2092    15.0669    16.3572    19.3337 
2027     4.9945     6.4367     7.3389     8.9147    10.8321    12.8809    14.8746    16.1147    19.1177 
2028     4.6192     6.1296     7.0108     8.6135    10.5179    12.5745    14.5753    15.9011    19.0671 
2029     4.3877     5.9245     6.7854     8.3527    10.2941    12.3515    14.3530    15.7103    18.7405 
2030     4.1879     5.7049     6.5802     8.1907    10.0756    12.1789    14.2114    15.5591    18.5811 
2031     4.0867     5.4618     6.4345     8.0360     9.9300    12.0184    14.0468    15.4345    18.3626 
2032     3.8881     5.3951     6.3105     7.9279     9.8591    11.9582    13.9888    15.3523    18.5598 
2033     3.6817     5.2740     6.2398     7.7989     9.7411    11.8718    13.9438    15.2804    18.4952 
2034     3.5454     5.1713     6.1545     7.7617     9.6431    11.8029    13.8357    15.1818    18.2068 
2035     3.4912     5.1582     6.1606     7.7217     9.6276    11.7442    13.7844    15.2701    18.1998 
2036     3.4481     5.1995     6.0728     7.6396     9.6048    11.6814    13.6981    15.1356    18.3987 
2037     3.4937     5.1526     6.0152     7.6078     9.5379    11.6315    13.7173    15.1134    18.5391 
2038     3.2577     5.0661     5.9838     7.5925     9.5099    11.6337    13.6453    15.0516    18.4008 
2039     3.1146     5.0039     5.9685     7.5740     9.5219    11.6107    13.6411    15.0430    18.2692 
2040     3.0519     4.9876     5.8851     7.5335     9.4913    11.6029    13.6772    15.0269    18.3148 
2041     2.9104     4.9155     5.8393     7.5135     9.4724    11.5670    13.6540    14.9999    18.2495 
2042     2.6449     4.8337     5.7993     7.4780     9.4451    11.5249    13.7123    15.1352    18.2123 
2043     2.5217     4.8427     5.8196     7.4654     9.4197    11.5407    13.6647    15.1842    18.2432 
2044     1.7627     4.7892     5.8119     7.4314     9.4226    11.5355    13.6096    15.0441    18.3757 
2045     0.0010     4.7689     5.7982     7.3974     9.3941    11.5643    13.6346    15.0154    18.2534 
2046     0.0010     4.7320     5.7395     7.3955     9.3588    11.5633    13.6000    14.9174    18.2820 
2047     0.0010     4.6207     5.7026     7.3738     9.3854    11.4915    13.5999    14.9510    18.2310 
2048     0.0010     4.5380     5.6136     7.3784     9.3583    11.5033    13.5425    14.9756    18.3589 
2049     0.0010     4.4771     5.5746     7.3358     9.3935    11.5195    13.6212    14.8934    18.2691 
2050     0.0010     4.5224     5.6026     7.3644     9.3869    11.5577    13.5911    14.9811    18.1985 
2051     0.0010     4.4881     5.6156     7.3667     9.3824    11.6020    13.6146    14.9595    18.1181 
2052     0.0010     4.4812     5.5878     7.3455     9.3870    11.6218    13.6081    14.8981    18.3782 
2053     0.0010     4.4523     5.5586     7.3315     9.3687    11.5593    13.6105    14.8295    18.3319 
2054     0.0010     4.5021     5.5387     7.3567     9.3987    11.5398    13.5907    14.9434    18.1914 
2055     0.0010     4.4519     5.5648     7.3503     9.4253    11.5408    13.6361    14.9578    18.2018 
2056     0.0010     4.3323     5.5536     7.3155     9.3935    11.5604    13.6036    14.9433    18.3582 
2057     0.0010     4.3469     5.5742     7.3621     9.3808    11.5740    13.5880    14.9724    18.1834 
2058     0.0010     4.3493     5.5205     7.3268     9.3517    11.4734    13.5990    14.9970    18.1562 
2059     0.0010     4.2706     5.5158     7.3332     9.3622    11.5142    13.5470    14.9726    18.3485 
2060     0.0010     4.2210     5.5090     7.3635     9.3420    11.4568    13.5037    14.9079    18.3042 
2061     0.0010     4.1569     5.4772     7.3349     9.3542    11.4517    13.4971    14.9001    18.3475 
2062     0.0010     4.1222     5.5208     7.3680     9.3278    11.5024    13.5651    14.9061    18.0969 
2063     0.0010     4.1016     5.5006     7.3114     9.3596    11.4372    13.5442    14.9342    17.9000 
2064     0.0010     4.1101     5.4709     7.2984     9.3395    11.4787    13.5828    14.9196    18.1283 
2065     0.0010     4.0624     5.4624     7.3516     9.3299    11.4617    13.5852    14.9834    18.2573 
2066     0.0010     3.9326     5.4114     7.3171     9.3398    11.4998    13.5670    15.0097    18.1959 
2067     0.0010     3.9587     5.3982     7.2805     9.3300    11.5049    13.6157    14.9854    18.2270 
2068     0.0010     3.9041     5.4256     7.2278     9.2971    11.4813    13.5181    14.8927    18.1740 
2069     0.0010     3.8754     5.3574     7.2489     9.3088    11.4404    13.5108    14.9239    18.4608 
2070     0.0010     3.7801     5.3356     7.2356     9.2983    11.4501    13.5340    15.0190    18.4047 
2071     0.0010     3.7751     5.3416     7.2206     9.2637    11.4544    13.5329    15.0202    18.7364 
2072     0.0010     3.7510     5.2936     7.2261     9.3052    11.4846    13.5616    14.9878    18.6200 
2073     0.0010     3.6081     5.2396     7.2232     9.3068    11.4731    13.6153    15.0781    18.2401 
2074     0.0010     3.4522     5.2581     7.2926     9.2935    11.5120    13.6187    14.8672    18.2352 
2075     0.0010     3.4252     5.2976     7.2159     9.3236    11.5262    13.5503    14.8826    18.5324 

Mean Biomass  x       1000 MT

Year       Average        StdDev
2021        9.0637        1.7008
2022       10.1672        2.1500
2023       10.8056        2.4665
2024       10.9134        2.6979
2025       10.5772        2.8371
2026       10.1740        2.9365
2027        9.8613        3.0192
2028        9.5850        3.0525
2029        9.3639        3.0553
2030        9.2032        3.0401
2031        9.0777        3.0616
2032        8.9947        3.0802
2033        8.9036        3.0865
2034        8.8448        3.0690
2035        8.8005        3.0695
2036        8.7478        3.0727
2037        8.7095        3.0922
2038        8.6806        3.1139
2039        8.6706        3.1371
2040        8.6532        3.1579
2041        8.6156        3.1805
2042        8.6060        3.1843
2043        8.5855        3.1939
2044        8.5845        3.2012
2045        8.5509        3.2315
2046        8.5224        3.2303
2047        8.5047        3.2406
2048        8.4953        3.2907
2049        8.4882        3.2896
2050        8.4950        3.3170
2051        8.4936        3.3074
2052        8.4877        3.3152
2053        8.4677        3.3308
2054        8.4766        3.3273
2055        8.4726        3.3181
2056        8.4563        3.3229
2057        8.4500        3.3181
2058        8.4292        3.3385
2059        8.4366        3.3724
2060        8.4231        3.3772
2061        8.3935        3.3708
2062        8.4039        3.3677
2063        8.3879        3.3637
2064        8.3816        3.3692
2065        8.3842        3.3833
2066        8.3863        3.3971
2067        8.3700        3.4223
2068        8.3409        3.4456
2069        8.3305        3.4688
2070        8.3313        3.4843
2071        8.3224        3.4889
2072        8.3390        3.4956
2073        8.3234        3.4821
2074        8.3359        3.4812
2075        8.3321        3.5057

Mean Biomass Distribution

Year       1%         5%         10%        25%        50%        75%        90%        95%        99%    
2021     5.9407     6.5592     6.9897     7.8365     8.9335     9.9990    11.4698    12.2147    13.7592 
2022     6.1252     6.9869     7.5988     8.6345     9.9637    11.4860    12.9548    13.9384    15.9189 
2023     6.0137     7.0804     7.8031     9.0926    10.5959    12.3266    14.0013    14.9947    17.3235 
2024     5.5754     6.8479     7.6484     9.0471    10.7320    12.5480    14.3693    15.4498    18.0616 
2025     4.9596     6.3093     7.1731     8.6250    10.3778    12.2854    14.1591    15.3799    18.1583 
2026     4.3519     5.7655     6.6123     8.1342     9.9867    11.9663    13.8711    15.0948    18.0449 
2027     3.9519     5.3675     6.2179     7.8025     9.6286    11.7175    13.6786    14.9246    18.0124 
2028     3.5348     5.0743     5.9141     7.5016     9.3969    11.3883    13.3688    14.7561    17.6784 
2029     3.3068     4.8886     5.7109     7.2524     9.1713    11.1929    13.1476    14.4688    17.6239 
2030     3.1975     4.6773     5.5203     7.1404     8.9941    11.0223    13.0249    14.2937    17.2782 
2031     3.0441     4.4787     5.3804     7.0087     8.8850    10.9070    12.9405    14.2245    17.2109 
2032     2.8552     4.3746     5.2887     6.8888     8.7730    10.8951    12.8537    14.1610    17.2257 
2033     2.7181     4.2902     5.1987     6.7762     8.6835    10.8005    12.7362    14.0814    17.2431 
2034     2.5755     4.1833     5.1776     6.7579     8.6464    10.7165    12.7336    14.0571    16.9453 
2035     2.5227     4.1606     5.1665     6.6984     8.5798    10.6910    12.6459    14.0712    17.0797 
2036     2.4991     4.2051     5.0747     6.6271     8.5537    10.6018    12.6124    13.9977    17.1763 
2037     2.4833     4.1622     5.0120     6.6168     8.5001    10.5594    12.6039    13.8946    17.1219 
2038     2.2351     4.0907     5.0029     6.6234     8.4546    10.5167    12.5910    14.0161    17.0224 
2039     2.1820     4.0295     4.9706     6.5635     8.4608    10.5330    12.5290    13.9402    17.0380 
2040     1.9791     4.0178     4.8798     6.5357     8.4473    10.5412    12.6270    13.8943    17.2475 
2041     1.9212     3.9314     4.8462     6.5209     8.4202    10.4802    12.5207    13.9650    17.2169 
2042     1.6664     3.8351     4.8480     6.4795     8.4161    10.4837    12.6382    14.0658    17.0587 
2043     1.4319     3.8841     4.8127     6.4623     8.3657    10.5071    12.5378    13.9296    17.0901 
2044     0.0010     3.8515     4.8430     6.4605     8.4302    10.5131    12.5438    13.9336    17.0437 
2045     0.0010     3.8197     4.7606     6.3972     8.3606    10.5017    12.5567    13.9042    17.1962 
2046     0.0010     3.7434     4.7629     6.3860     8.3544    10.4907    12.5116    13.8624    17.0603 
2047     0.0010     3.6541     4.7012     6.3986     8.3324    10.4773    12.5292    13.7699    16.8516 
2048     0.0010     3.5515     4.6168     6.3641     8.3603    10.4549    12.5218    13.7917    17.2148 
2049     0.0010     3.5712     4.6277     6.3670     8.3807    10.4542    12.4954    13.8795    17.1458 
2050     0.0010     3.5482     4.6490     6.3570     8.3433    10.4910    12.5597    13.8762    17.0523 
2051     0.0010     3.4683     4.6314     6.3679     8.3319    10.5188    12.6089    13.8411    16.7892 
2052     0.0010     3.5227     4.6144     6.3628     8.3516    10.5157    12.5096    13.9179    17.1584 
2053     0.0010     3.4685     4.5828     6.3464     8.3409    10.4899    12.5324    13.8637    17.1755 
2054     0.0010     3.4860     4.5755     6.3549     8.3695    10.4999    12.5231    13.9130    17.0230 
2055     0.0010     3.4387     4.5875     6.3626     8.3642    10.5080    12.5462    13.9017    17.0651 
2056     0.0010     3.3686     4.6100     6.3456     8.3738    10.4932    12.5126    13.9283    17.0809 
2057     0.0010     3.4082     4.5624     6.3430     8.3357    10.5010    12.4499    13.9247    16.9687 
2058     0.0010     3.4139     4.5690     6.3366     8.3255    10.4460    12.5293    13.8471    16.9107 
2059     0.0010     3.3112     4.5381     6.3648     8.3546    10.4486    12.4803    13.8904    17.1659 
2060     0.0010     3.2265     4.5601     6.3406     8.3578    10.4078    12.4531    13.9113    16.9781 
2061     0.0010     3.1808     4.5000     6.3634     8.3110    10.4013    12.4353    13.7620    17.2488 
2062     0.0010     3.2147     4.5789     6.3690     8.3272    10.4046    12.4659    13.7966    17.0346 
2063     0.0010     3.1698     4.5428     6.3114     8.3546    10.3925    12.4666    13.8560    16.9647 
2064     0.0010     3.1445     4.5203     6.3238     8.3025    10.4620    12.4474    13.8539    16.8278 
2065     0.0010     3.0393     4.4963     6.3226     8.3166    10.4370    12.4710    13.8681    16.9848 
2066     0.0010     2.9468     4.4543     6.3183     8.3270    10.4460    12.4850    13.8404    17.1179 
2067     0.0010     3.0337     4.4046     6.2748     8.3183    10.4271    12.5076    13.8770    16.9868 
2068     0.0010     2.9652     4.4570     6.2290     8.2806    10.4193    12.4661    13.8602    17.2259 
2069     0.0010     2.8828     4.3999     6.2564     8.2755    10.4007    12.4488    13.9316    17.4094 
2070     0.0010     2.8421     4.3663     6.2767     8.2703    10.3468    12.5043    13.8998    17.3032 
2071     0.0010     2.7799     4.3564     6.2273     8.2657    10.4007    12.5107    13.9615    17.4417 
2072     0.0010     2.8071     4.3609     6.2356     8.3038    10.4272    12.5406    13.9903    17.3143 
2073     0.0010     2.6426     4.2568     6.2296     8.2782    10.4407    12.5373    13.9141    17.1381 
2074     0.0010     2.5920     4.2780     6.2738     8.2992    10.4718    12.4692    13.8212    17.2167 
2075     0.0010     2.4937     4.3623     6.2343     8.3138    10.4576    12.4654    13.8469    17.3508 

Combined Catch Biomass  x       1000 MT

Year       Average        StdDev
2021        1.5398        0.0000
2022        1.4739        0.0000
2023        1.6852        0.0169
2024        2.1565        0.0216
2025        2.3998        0.0240
2026        2.3998        0.0240
2027        2.3995        0.0339
2028        2.3995        0.0339
2029        2.3990        0.0480
2030        2.3988        0.0537
2031        2.3981        0.0679
2032        2.3964        0.0929
2033        2.3954        0.1045
2034        2.3947        0.1125
2035        2.3926        0.1334
2036        2.3902        0.1534
2037        2.3894        0.1589
2038        2.3880        0.1693
2039        2.3863        0.1807
2040        2.3849        0.1899
2041        2.3808        0.2138
2042        2.3798        0.2190
2043        2.3770        0.2340
2044        2.3731        0.2526
2045        2.3698        0.2677
2046        2.3664        0.2820
2047        2.3642        0.2908
2048        2.3602        0.3067
2049        2.3570        0.3182
2050        2.3546        0.3268
2051        2.3525        0.3344
2052        2.3501        0.3425
2053        2.3465        0.3544
2054        2.3448        0.3598
2055        2.3419        0.3688
2056        2.3402        0.3740
2057        2.3383        0.3798
2058        2.3352        0.3890
2059        2.3340        0.3925
2060        2.3318        0.3987
2061        2.3290        0.4068
2062        2.3258        0.4153
2063        2.3242        0.4199
2064        2.3213        0.4275
2065        2.3194        0.4325
2066        2.3177        0.4368
2067        2.3153        0.4429
2068        2.3122        0.4507
2069        2.3093        0.4577
2070        2.3086        0.4595
2071        2.3074        0.4624
2072        2.3064        0.4647
2073        2.3040        0.4703
2074        2.3014        0.4765
2075        2.2982        0.4836

Combined Catch Distribution

Year       1%         5%         10%        25%        50%        75%        90%        95%        99%    
2021     1.5398     1.5398     1.5398     1.5398     1.5398     1.5398     1.5398     1.5398     1.5398 
2022     1.4739     1.4739     1.4739     1.4739     1.4739     1.4739     1.4739     1.4739     1.4739 
2023     1.6854     1.6854     1.6854     1.6854     1.6854     1.6854     1.6854     1.6854     1.6854 
2024     2.1567     2.1567     2.1567     2.1567     2.1567     2.1567     2.1567     2.1567     2.1567 
2025     2.4000     2.4000     2.4000     2.4000     2.4000     2.4000     2.4000     2.4000     2.4000 
2026     2.4000     2.4000     2.4000     2.4000     2.4000     2.4000     2.4000     2.4000     2.4000 
2027     2.4000     2.4000     2.4000     2.4000     2.4000     2.4000     2.4000     2.4000     2.4000 
2028     2.4000     2.4000     2.4000     2.4000     2.4000     2.4000     2.4000     2.4000     2.4000 
2029     2.4000     2.4000     2.4000     2.4000     2.4000     2.4000     2.4000     2.4000     2.4000 
2030     2.4000     2.4000     2.4000     2.4000     2.4000     2.4000     2.4000     2.4000     2.4000 
2031     2.4000     2.4000     2.4000     2.4000     2.4000     2.4000     2.4000     2.4000     2.4000 
2032     2.4000     2.4000     2.4000     2.4000     2.4000     2.4000     2.4000     2.4000     2.4000 
2033     2.4000     2.4000     2.4000     2.4000     2.4000     2.4000     2.4000     2.4000     2.4000 
2034     2.4000     2.4000     2.4000     2.4000     2.4000     2.4000     2.4000     2.4000     2.4000 
2035     2.4000     2.4000     2.4000     2.4000     2.4000     2.4000     2.4000     2.4000     2.4000 
2036     2.4000     2.4000     2.4000     2.4000     2.4000     2.4000     2.4000     2.4000     2.4000 
2037     2.4000     2.4000     2.4000     2.4000     2.4000     2.4000     2.4000     2.4000     2.4000 
2038     2.4000     2.4000     2.4000     2.4000     2.4000     2.4000     2.4000     2.4000     2.4000 
2039     2.4000     2.4000     2.4000     2.4000     2.4000     2.4000     2.4000     2.4000     2.4000 
2040     2.4000     2.4000     2.4000     2.4000     2.4000     2.4000     2.4000     2.4000     2.4000 
2041     2.4000     2.4000     2.4000     2.4000     2.4000     2.4000     2.4000     2.4000     2.4000 
2042     2.4000     2.4000     2.4000     2.4000     2.4000     2.4000     2.4000     2.4000     2.4000 
2043     2.4000     2.4000     2.4000     2.4000     2.4000     2.4000     2.4000     2.4000     2.4000 
2044     0.0000     2.4000     2.4000     2.4000     2.4000     2.4000     2.4000     2.4000     2.4000 
2045     0.0000     2.4000     2.4000     2.4000     2.4000     2.4000     2.4000     2.4000     2.4000 
2046     0.0000     2.4000     2.4000     2.4000     2.4000     2.4000     2.4000     2.4000     2.4000 
2047     0.0000     2.4000     2.4000     2.4000     2.4000     2.4000     2.4000     2.4000     2.4000 
2048     0.0000     2.4000     2.4000     2.4000     2.4000     2.4000     2.4000     2.4000     2.4000 
2049     0.0000     2.4000     2.4000     2.4000     2.4000     2.4000     2.4000     2.4000     2.4000 
2050     0.0000     2.4000     2.4000     2.4000     2.4000     2.4000     2.4000     2.4000     2.4000 
2051     0.0000     2.4000     2.4000     2.4000     2.4000     2.4000     2.4000     2.4000     2.4000 
2052     0.0000     2.4000     2.4000     2.4000     2.4000     2.4000     2.4000     2.4000     2.4000 
2053     0.0000     2.4000     2.4000     2.4000     2.4000     2.4000     2.4000     2.4000     2.4000 
2054     0.0000     2.4000     2.4000     2.4000     2.4000     2.4000     2.4000     2.4000     2.4000 
2055     0.0000     2.4000     2.4000     2.4000     2.4000     2.4000     2.4000     2.4000     2.4000 
2056     0.0000     2.4000     2.4000     2.4000     2.4000     2.4000     2.4000     2.4000     2.4000 
2057     0.0000     2.4000     2.4000     2.4000     2.4000     2.4000     2.4000     2.4000     2.4000 
2058     0.0000     2.4000     2.4000     2.4000     2.4000     2.4000     2.4000     2.4000     2.4000 
2059     0.0000     2.4000     2.4000     2.4000     2.4000     2.4000     2.4000     2.4000     2.4000 
2060     0.0000     2.4000     2.4000     2.4000     2.4000     2.4000     2.4000     2.4000     2.4000 
2061     0.0000     2.4000     2.4000     2.4000     2.4000     2.4000     2.4000     2.4000     2.4000 
2062     0.0000     2.4000     2.4000     2.4000     2.4000     2.4000     2.4000     2.4000     2.4000 
2063     0.0000     2.4000     2.4000     2.4000     2.4000     2.4000     2.4000     2.4000     2.4000 
2064     0.0000     2.4000     2.4000     2.4000     2.4000     2.4000     2.4000     2.4000     2.4000 
2065     0.0000     2.4000     2.4000     2.4000     2.4000     2.4000     2.4000     2.4000     2.4000 
2066     0.0000     2.4000     2.4000     2.4000     2.4000     2.4000     2.4000     2.4000     2.4000 
2067     0.0000     2.4000     2.4000     2.4000     2.4000     2.4000     2.4000     2.4000     2.4000 
2068     0.0000     2.4000     2.4000     2.4000     2.4000     2.4000     2.4000     2.4000     2.4000 
2069     0.0000     2.4000     2.4000     2.4000     2.4000     2.4000     2.4000     2.4000     2.4000 
2070     0.0000     2.4000     2.4000     2.4000     2.4000     2.4000     2.4000     2.4000     2.4000 
2071     0.0000     2.4000     2.4000     2.4000     2.4000     2.4000     2.4000     2.4000     2.4000 
2072     0.0000     2.4000     2.4000     2.4000     2.4000     2.4000     2.4000     2.4000     2.4000 
2073     0.0000     2.4000     2.4000     2.4000     2.4000     2.4000     2.4000     2.4000     2.4000 
2074     0.0000     2.4000     2.4000     2.4000     2.4000     2.4000     2.4000     2.4000     2.4000 
2075     0.0000     2.4000     2.4000     2.4000     2.4000     2.4000     2.4000     2.4000     2.4000 

Landings  x       1000 MT

Year       Average        StdDev
2021        1.5398        0.0000
2022        1.4739        0.0000
2023        1.6852        0.0169
2024        2.1565        0.0216
2025        2.3998        0.0240
2026        2.3998        0.0240
2027        2.3995        0.0339
2028        2.3995        0.0339
2029        2.3990        0.0480
2030        2.3988        0.0537
2031        2.3981        0.0679
2032        2.3964        0.0929
2033        2.3954        0.1045
2034        2.3947        0.1125
2035        2.3926        0.1334
2036        2.3902        0.1534
2037        2.3894        0.1589
2038        2.3880        0.1693
2039        2.3863        0.1807
2040        2.3849        0.1899
2041        2.3808        0.2138
2042        2.3798        0.2190
2043        2.3770        0.2340
2044        2.3731        0.2526
2045        2.3698        0.2677
2046        2.3664        0.2820
2047        2.3642        0.2908
2048        2.3602        0.3067
2049        2.3570        0.3182
2050        2.3546        0.3268
2051        2.3525        0.3344
2052        2.3501        0.3425
2053        2.3465        0.3544
2054        2.3448        0.3598
2055        2.3419        0.3688
2056        2.3402        0.3740
2057        2.3383        0.3798
2058        2.3352        0.3890
2059        2.3340        0.3925
2060        2.3318        0.3987
2061        2.3290        0.4068
2062        2.3258        0.4153
2063        2.3242        0.4199
2064        2.3213        0.4275
2065        2.3194        0.4325
2066        2.3177        0.4368
2067        2.3153        0.4429
2068        2.3122        0.4507
2069        2.3093        0.4577
2070        2.3086        0.4595
2071        2.3074        0.4624
2072        2.3064        0.4647
2073        2.3040        0.4703
2074        2.3014        0.4765
2075        2.2982        0.4836

Landings Distribution

Year       1%         5%         10%        25%        50%        75%        90%        95%        99%    
2021     1.5398     1.5398     1.5398     1.5398     1.5398     1.5398     1.5398     1.5398     1.5398 
2022     1.4739     1.4739     1.4739     1.4739     1.4739     1.4739     1.4739     1.4739     1.4739 
2023     1.6854     1.6854     1.6854     1.6854     1.6854     1.6854     1.6854     1.6854     1.6854 
2024     2.1567     2.1567     2.1567     2.1567     2.1567     2.1567     2.1567     2.1567     2.1567 
2025     2.4000     2.4000     2.4000     2.4000     2.4000     2.4000     2.4000     2.4000     2.4000 
2026     2.4000     2.4000     2.4000     2.4000     2.4000     2.4000     2.4000     2.4000     2.4000 
2027     2.4000     2.4000     2.4000     2.4000     2.4000     2.4000     2.4000     2.4000     2.4000 
2028     2.4000     2.4000     2.4000     2.4000     2.4000     2.4000     2.4000     2.4000     2.4000 
2029     2.4000     2.4000     2.4000     2.4000     2.4000     2.4000     2.4000     2.4000     2.4000 
2030     2.4000     2.4000     2.4000     2.4000     2.4000     2.4000     2.4000     2.4000     2.4000 
2031     2.4000     2.4000     2.4000     2.4000     2.4000     2.4000     2.4000     2.4000     2.4000 
2032     2.4000     2.4000     2.4000     2.4000     2.4000     2.4000     2.4000     2.4000     2.4000 
2033     2.4000     2.4000     2.4000     2.4000     2.4000     2.4000     2.4000     2.4000     2.4000 
2034     2.4000     2.4000     2.4000     2.4000     2.4000     2.4000     2.4000     2.4000     2.4000 
2035     2.4000     2.4000     2.4000     2.4000     2.4000     2.4000     2.4000     2.4000     2.4000 
2036     2.4000     2.4000     2.4000     2.4000     2.4000     2.4000     2.4000     2.4000     2.4000 
2037     2.4000     2.4000     2.4000     2.4000     2.4000     2.4000     2.4000     2.4000     2.4000 
2038     2.4000     2.4000     2.4000     2.4000     2.4000     2.4000     2.4000     2.4000     2.4000 
2039     2.4000     2.4000     2.4000     2.4000     2.4000     2.4000     2.4000     2.4000     2.4000 
2040     2.4000     2.4000     2.4000     2.4000     2.4000     2.4000     2.4000     2.4000     2.4000 
2041     2.4000     2.4000     2.4000     2.4000     2.4000     2.4000     2.4000     2.4000     2.4000 
2042     2.4000     2.4000     2.4000     2.4000     2.4000     2.4000     2.4000     2.4000     2.4000 
2043     2.4000     2.4000     2.4000     2.4000     2.4000     2.4000     2.4000     2.4000     2.4000 
2044     0.0000     2.4000     2.4000     2.4000     2.4000     2.4000     2.4000     2.4000     2.4000 
2045     0.0000     2.4000     2.4000     2.4000     2.4000     2.4000     2.4000     2.4000     2.4000 
2046     0.0000     2.4000     2.4000     2.4000     2.4000     2.4000     2.4000     2.4000     2.4000 
2047     0.0000     2.4000     2.4000     2.4000     2.4000     2.4000     2.4000     2.4000     2.4000 
2048     0.0000     2.4000     2.4000     2.4000     2.4000     2.4000     2.4000     2.4000     2.4000 
2049     0.0000     2.4000     2.4000     2.4000     2.4000     2.4000     2.4000     2.4000     2.4000 
2050     0.0000     2.4000     2.4000     2.4000     2.4000     2.4000     2.4000     2.4000     2.4000 
2051     0.0000     2.4000     2.4000     2.4000     2.4000     2.4000     2.4000     2.4000     2.4000 
2052     0.0000     2.4000     2.4000     2.4000     2.4000     2.4000     2.4000     2.4000     2.4000 
2053     0.0000     2.4000     2.4000     2.4000     2.4000     2.4000     2.4000     2.4000     2.4000 
2054     0.0000     2.4000     2.4000     2.4000     2.4000     2.4000     2.4000     2.4000     2.4000 
2055     0.0000     2.4000     2.4000     2.4000     2.4000     2.4000     2.4000     2.4000     2.4000 
2056     0.0000     2.4000     2.4000     2.4000     2.4000     2.4000     2.4000     2.4000     2.4000 
2057     0.0000     2.4000     2.4000     2.4000     2.4000     2.4000     2.4000     2.4000     2.4000 
2058     0.0000     2.4000     2.4000     2.4000     2.4000     2.4000     2.4000     2.4000     2.4000 
2059     0.0000     2.4000     2.4000     2.4000     2.4000     2.4000     2.4000     2.4000     2.4000 
2060     0.0000     2.4000     2.4000     2.4000     2.4000     2.4000     2.4000     2.4000     2.4000 
2061     0.0000     2.4000     2.4000     2.4000     2.4000     2.4000     2.4000     2.4000     2.4000 
2062     0.0000     2.4000     2.4000     2.4000     2.4000     2.4000     2.4000     2.4000     2.4000 
2063     0.0000     2.4000     2.4000     2.4000     2.4000     2.4000     2.4000     2.4000     2.4000 
2064     0.0000     2.4000     2.4000     2.4000     2.4000     2.4000     2.4000     2.4000     2.4000 
2065     0.0000     2.4000     2.4000     2.4000     2.4000     2.4000     2.4000     2.4000     2.4000 
2066     0.0000     2.4000     2.4000     2.4000     2.4000     2.4000     2.4000     2.4000     2.4000 
2067     0.0000     2.4000     2.4000     2.4000     2.4000     2.4000     2.4000     2.4000     2.4000 
2068     0.0000     2.4000     2.4000     2.4000     2.4000     2.4000     2.4000     2.4000     2.4000 
2069     0.0000     2.4000     2.4000     2.4000     2.4000     2.4000     2.4000     2.4000     2.4000 
2070     0.0000     2.4000     2.4000     2.4000     2.4000     2.4000     2.4000     2.4000     2.4000 
2071     0.0000     2.4000     2.4000     2.4000     2.4000     2.4000     2.4000     2.4000     2.4000 
2072     0.0000     2.4000     2.4000     2.4000     2.4000     2.4000     2.4000     2.4000     2.4000 
2073     0.0000     2.4000     2.4000     2.4000     2.4000     2.4000     2.4000     2.4000     2.4000 
2074     0.0000     2.4000     2.4000     2.4000     2.4000     2.4000     2.4000     2.4000     2.4000 
2075     0.0000     2.4000     2.4000     2.4000     2.4000     2.4000     2.4000     2.4000     2.4000 

Total Fishing Mortality

Year       Average        StdDev
2021        0.5271        0.0950
2022        0.3728        0.0748
2023        0.3818        0.0913
2024        0.4251        0.1200
2025        0.4855        0.1713
2026        0.5325        0.2325
2027        0.5794        0.2967
2028        0.6246        0.4084
2029        0.6612        0.4464
2030        0.6957        0.5268
2031        0.7214        0.5609
2032        0.7423        0.5817
2033        0.7624        0.6109
2034        0.7858        0.7088
2035        0.7921        0.7095
2036        0.7917        0.6776
2037        0.8002        0.6922
2038        0.8080        0.7208
2039        0.8179        0.7376
2040        0.8246        0.7685
2041        0.8161        0.7074
2042        0.8310        0.7442
2043        0.8354        0.7677
2044        0.8317        0.7563
2045        0.8280        0.7319
2046        0.8303        0.7335
2047        0.8407        0.7670
2048        0.8435        0.7817
2049        0.8470        0.7709
2050        0.8491        0.7928
2051        0.8495        0.8063
2052        0.8451        0.7810
2053        0.8352        0.7339
2054        0.8424        0.7607
2055        0.8357        0.7397
2056        0.8369        0.7454
2057        0.8379        0.7563
2058        0.8283        0.6977
2059        0.8337        0.7121
2060        0.8392        0.7633
2061        0.8391        0.7579
2062        0.8376        0.7563
2063        0.8376        0.7608
2064        0.8295        0.7170
2065        0.8341        0.7531
2066        0.8375        0.7587
2067        0.8382        0.7629
2068        0.8313        0.7238
2069        0.8283        0.6907
2070        0.8379        0.7216
2071        0.8405        0.7230
2072        0.8446        0.7519
2073        0.8397        0.7254
2074        0.8426        0.7547
2075        0.8353        0.7389

Total Fishing Mortality Distribution

Year       1%         5%         10%        25%        50%        75%        90%        95%        99%    
2021     0.2827     0.3868     0.4171     0.4622     0.5259     0.5833     0.6365     0.6723     0.8338 
2022     0.2270     0.2612     0.2803     0.3253     0.3637     0.4161     0.4725     0.5104     0.5860 
2023     0.2228     0.2553     0.2768     0.3187     0.3694     0.4323     0.5023     0.5490     0.6482 
2024     0.2342     0.2723     0.2953     0.3404     0.4047     0.4848     0.5782     0.6534     0.8170 
2025     0.2424     0.2877     0.3149     0.3717     0.4503     0.5581     0.6963     0.8089     1.0819 
2026     0.2446     0.2941     0.3253     0.3869     0.4814     0.6100     0.7945     0.9433     1.3843 
2027     0.2450     0.3028     0.3347     0.4011     0.5067     0.6649     0.8956     1.0979     1.6550 
2028     0.2506     0.3074     0.3410     0.4147     0.5303     0.7077     0.9803     1.2257     2.0013 
2029     0.2515     0.3126     0.3516     0.4268     0.5510     0.7468     1.0563     1.3301     2.4455 
2030     0.2573     0.3201     0.3587     0.4387     0.5666     0.7782     1.1069     1.4437     2.6579 
2031     0.2606     0.3235     0.3635     0.4485     0.5808     0.7992     1.1603     1.5367     2.9267 
2032     0.2607     0.3246     0.3634     0.4512     0.5926     0.8229     1.2157     1.6396     3.0430 
2033     0.2601     0.3268     0.3678     0.4535     0.6017     0.8456     1.2554     1.7068     3.4710 
2034     0.2600     0.3286     0.3696     0.4573     0.6104     0.8592     1.2740     1.7379     3.7253 
2035     0.2576     0.3311     0.3725     0.4614     0.6166     0.8734     1.2867     1.7791     3.8673 
2036     0.2620     0.3298     0.3749     0.4630     0.6183     0.8809     1.2883     1.7904     3.5170 
2037     0.2626     0.3344     0.3760     0.4674     0.6244     0.8946     1.3153     1.7394     3.6694 
2038     0.2567     0.3329     0.3761     0.4698     0.6292     0.9003     1.3466     1.7861     3.6188 
2039     0.2620     0.3362     0.3776     0.4711     0.6316     0.9011     1.3470     1.8289     3.9247 
2040     0.2629     0.3326     0.3774     0.4703     0.6336     0.9031     1.3764     1.8526     3.9906 
2041     0.2558     0.3318     0.3757     0.4731     0.6340     0.9079     1.3821     1.8920     3.6629 
2042     0.2588     0.3317     0.3789     0.4739     0.6362     0.9138     1.4030     1.9213     3.8467 
2043     0.2576     0.3304     0.3771     0.4761     0.6362     0.9213     1.3897     1.9207     4.1801 
2044     0.2536     0.3309     0.3762     0.4753     0.6389     0.9249     1.3777     1.8777     4.0557 
2045     0.2558     0.3320     0.3794     0.4739     0.6387     0.9316     1.3743     1.8634     3.9458 
2046     0.2577     0.3316     0.3777     0.4728     0.6409     0.9414     1.3883     1.8863     3.9360 
2047     0.2612     0.3366     0.3797     0.4747     0.6423     0.9466     1.3947     1.9253     4.1172 
2048     0.2589     0.3358     0.3820     0.4751     0.6437     0.9364     1.3962     1.9083     4.1274 
2049     0.2539     0.3359     0.3821     0.4753     0.6407     0.9518     1.4151     1.9816     4.0752 
2050     0.2599     0.3342     0.3811     0.4771     0.6377     0.9510     1.4195     1.9570     4.3131 
2051     0.2576     0.3364     0.3798     0.4741     0.6400     0.9461     1.4107     1.9587     4.2955 
2052     0.2596     0.3362     0.3790     0.4728     0.6417     0.9558     1.3977     1.9607     4.1572 
2053     0.2615     0.3361     0.3786     0.4707     0.6413     0.9495     1.4164     1.9493     3.8516 
2054     0.2633     0.3363     0.3793     0.4736     0.6423     0.9562     1.4135     1.9456     4.0117 
2055     0.2579     0.3352     0.3797     0.4751     0.6411     0.9475     1.4083     1.9052     3.9110 
2056     0.2587     0.3339     0.3799     0.4750     0.6403     0.9539     1.3930     1.9171     3.9970 
2057     0.2626     0.3341     0.3795     0.4746     0.6413     0.9545     1.3781     1.9322     3.9599 
2058     0.2620     0.3335     0.3808     0.4747     0.6438     0.9517     1.4009     1.9099     3.6500 
2059     0.2613     0.3353     0.3802     0.4770     0.6444     0.9566     1.3981     1.9159     3.9337 
2060     0.2602     0.3359     0.3798     0.4769     0.6420     0.9533     1.3756     1.9273     3.8864 
2061     0.2628     0.3360     0.3807     0.4794     0.6450     0.9486     1.3697     1.9256     4.1884 
2062     0.2581     0.3375     0.3816     0.4784     0.6482     0.9452     1.3602     1.8802     4.1232 
2063     0.2606     0.3384     0.3818     0.4784     0.6474     0.9402     1.3504     1.8785     4.0140 
2064     0.2639     0.3366     0.3822     0.4790     0.6420     0.9574     1.3491     1.8337     4.0112 
2065     0.2645     0.3344     0.3821     0.4771     0.6488     0.9610     1.3663     1.8342     3.8582 
2066     0.2677     0.3359     0.3799     0.4774     0.6440     0.9523     1.3749     1.8636     4.0588 
2067     0.2619     0.3330     0.3810     0.4778     0.6466     0.9520     1.3685     1.8839     4.1072 
2068     0.2592     0.3330     0.3799     0.4773     0.6459     0.9685     1.3510     1.8606     3.8682 
2069     0.2575     0.3341     0.3837     0.4792     0.6496     0.9790     1.3786     1.8356     3.5666 
2070     0.2585     0.3352     0.3847     0.4815     0.6507     0.9776     1.3777     1.8763     3.8003 
2071     0.2557     0.3342     0.3829     0.4821     0.6495     0.9751     1.3688     1.9145     3.9707 
2072     0.2523     0.3326     0.3808     0.4812     0.6558     0.9765     1.3708     1.9125     3.8990 
2073     0.2523     0.3325     0.3795     0.4787     0.6493     0.9773     1.3848     1.8911     3.9152 
2074     0.2555     0.3321     0.3805     0.4796     0.6507     0.9769     1.4027     1.9294     4.0950 
2075     0.2563     0.3329     0.3805     0.4755     0.6466     0.9657     1.3806     1.9069     3.9074 

JAN-1 Stock Numbers at Age  -       1000  Fish

2021

Age        1%         5%         10%        25%        50%        75%        90%        95%        99%    
1      140.2370   175.0900   184.8320   216.7130   261.1480   317.3690   385.6290   409.5080   464.9250
2       58.9389    77.9477    80.8620    85.4451   100.4175   112.5240   125.3470   138.4980   148.4390
3       34.1986    41.3466    43.5177    47.9381    54.8765    60.4455    67.3245    74.4817    84.8335
4        4.4701     6.3288     7.3712     8.3369     9.5330    10.8358    12.5169    14.0136    20.6054
5        1.2938     1.6031     1.7337     2.2441     2.6907     3.2695     4.2092     4.8898     7.4995
6        0.2917     0.4842     0.6024     0.6936     0.9665     1.2287     1.8234     2.1765     5.0518
7        0.0278     0.0584     0.0739     0.1025     0.1591     0.2261     0.3164     0.3996     1.3049
8        0.0082     0.0292     0.0370     0.0584     0.1092     0.1670     0.2575     0.4456     2.1858
9        0.0003     0.0014     0.0021     0.0035     0.0085     0.0144     0.0223     0.0334     0.2402
10        0.0001     0.0005     0.0007     0.0015     0.0043     0.0069     0.0143     0.0242     0.2609
11        0.0000     0.0001     0.0002     0.0004     0.0014     0.0028     0.0051     0.0082     0.1988
12        0.0000     0.0000     0.0000     0.0000     0.0001     0.0003     0.0005     0.0008     0.0280
13        0.0000     0.0000     0.0000     0.0000     0.0000     0.0002     0.0003     0.0005     0.0316
14        0.0000     0.0000     0.0000     0.0000     0.0000     0.0000     0.0001     0.0001     0.0183
15+       0.0000     0.0000     0.0000     0.0000     0.0000     0.0000     0.0000     0.0000     0.0127

2022

Age        1%         5%         10%        25%        50%        75%        90%        95%        99%    
1       68.5739    70.3297    78.5877   104.2922   168.2736   235.9485   277.6872   306.3379   324.9546
2       87.0315   104.0916   111.1647   127.9157   156.4606   191.8541   232.5812   253.0453   289.6665
3       30.3019    40.6216    43.0467    46.8190    54.2655    62.7285    71.5163    78.2853    89.4665
4       15.1528    18.6580    20.6122    23.1032    26.6017    30.7495    35.5303    39.8794    49.8148
5        1.9856     2.7492     3.2533     3.7845     4.4754     5.2587     6.4194     7.0905    11.8239
6        0.5399     0.6560     0.7399     1.0012     1.2056     1.5470     2.0837     2.4491     4.3451
7        0.1314     0.2163     0.2503     0.3105     0.4200     0.5827     0.8885     1.0829     2.9393
8        0.0125     0.0254     0.0324     0.0453     0.0695     0.1066     0.1609     0.2061     0.7752
9        0.0040     0.0127     0.0165     0.0268     0.0487     0.0803     0.1301     0.2199     1.3020
10        0.0001     0.0006     0.0009     0.0016     0.0038     0.0069     0.0111     0.0178     0.1453
11        0.0000     0.0002     0.0003     0.0007     0.0020     0.0033     0.0076     0.0124     0.1583
12        0.0000     0.0000     0.0001     0.0002     0.0007     0.0013     0.0026     0.0043     0.1209
13        0.0000     0.0000     0.0000     0.0000     0.0001     0.0001     0.0003     0.0004     0.0173
14        0.0000     0.0000     0.0000     0.0000     0.0000     0.0001     0.0001     0.0003     0.0192
15+       0.0000     0.0000     0.0000     0.0000     0.0000     0.0000     0.0001     0.0001     0.0195

2023

Age        1%         5%         10%        25%        50%        75%        90%        95%        99%    
1       68.6562    70.8892    78.9878   104.4450   168.5134   236.2781   278.1743   306.2824   325.1255
2       39.8678    43.2389    47.2837    62.7292   101.0198   142.7020   170.6713   185.6765   206.4916
3       48.1372    57.9526    62.5566    72.5256    90.5854   112.0891   137.4897   151.3408   174.0353
4       14.8111    20.5420    22.2854    24.9879    29.4754    34.9268    40.5925    44.6272    51.8712
5        7.0234     9.0439    10.3180    11.9167    13.9441    16.6964    19.5905    22.3652    29.3200
6        0.8851     1.3413     1.6046     1.9121     2.2891     2.7732     3.4846     3.8878     6.8082
7        0.2515     0.3029     0.3656     0.4959     0.6190     0.8079     1.1170     1.3192     2.5998
8        0.0598     0.1071     0.1201     0.1570     0.2183     0.3033     0.4835     0.5842     1.7650
9        0.0065     0.0127     0.0164     0.0233     0.0356     0.0554     0.0865     0.1109     0.4783
10        0.0020     0.0063     0.0084     0.0141     0.0249     0.0425     0.0717     0.1157     0.8191
11        0.0001     0.0003     0.0005     0.0009     0.0019     0.0037     0.0061     0.0097     0.0894
12        0.0000     0.0001     0.0002     0.0004     0.0010     0.0018     0.0042     0.0067     0.0986
13        0.0000     0.0000     0.0000     0.0001     0.0003     0.0007     0.0014     0.0023     0.0753
14        0.0000     0.0000     0.0000     0.0000     0.0000     0.0001     0.0002     0.0002     0.0106
15+       0.0000     0.0000     0.0000     0.0000     0.0000     0.0001     0.0001     0.0002     0.0240

2024

Age        1%         5%         10%        25%        50%        75%        90%        95%        99%    
1       68.8008    71.4903    79.7575   105.2239   168.7237   238.3637   282.3249   306.7800   371.9190
2       39.9279    43.5696    47.8653    63.3802   102.0359   144.2366   171.5392   186.0466   210.5950
3       22.0585    24.7104    27.0463    35.7978    58.6356    83.5578   101.7592   111.3218   127.3484
4       23.9931    29.3503    32.5938    38.7184    50.0595    63.1546    79.1171    88.7383   102.6378
5        6.9540     9.7192    11.0514    12.9858    15.7176    19.0007    22.6505    25.1871    29.7072
6        3.1577     4.2750     4.9323     5.9728     7.2216     8.8895    10.6746    12.3466    16.6341
7        0.3840     0.6305     0.7652     0.9497     1.1665     1.4621     1.8900     2.1512     3.8543
8        0.1111     0.1413     0.1776     0.2421     0.3173     0.4179     0.5944     0.7184     1.5233
9        0.0278     0.0513     0.0575     0.0779     0.1125     0.1563     0.2607     0.3144     1.0105
10        0.0032     0.0062     0.0080     0.0117     0.0180     0.0286     0.0460     0.0603     0.2999
11        0.0011     0.0031     0.0042     0.0073     0.0127     0.0221     0.0392     0.0601     0.4988
12        0.0000     0.0002     0.0002     0.0004     0.0010     0.0019     0.0034     0.0053     0.0512
13        0.0000     0.0001     0.0001     0.0002     0.0005     0.0009     0.0023     0.0037     0.0568
14        0.0000     0.0000     0.0000     0.0001     0.0002     0.0004     0.0008     0.0013     0.0449
15+       0.0000     0.0000     0.0000     0.0000     0.0000     0.0001     0.0001     0.0003     0.0208

2025

Age        1%         5%         10%        25%        50%        75%        90%        95%        99%    
1       68.5988    70.8325    78.9682   104.7576   168.6891   237.4403   281.3484   306.0960   357.2514
2       39.4705    42.9310    47.3742    62.2985   100.3938   143.6140   169.7530   184.7023   226.1780
3       20.4447    23.4137    25.6526    34.3303    56.1365    80.9738    98.7347   107.4880   123.5977
4        9.4585    11.7903    13.3678    17.9374    30.2117    44.3738    56.1122    62.1187    72.9219
5        9.8437    12.9245    14.9940    18.8531    25.3399    33.2194    42.7426    48.7992    58.6982
6        2.8422     4.0986     4.9040     6.2052     7.8498     9.8180    12.0523    13.5141    16.3026
7        1.2985     1.8531     2.2063     2.8474     3.6039     4.5649     5.6799     6.5739     8.9926
8        0.1597     0.2747     0.3464     0.4545     0.5825     0.7560     1.0040     1.1773     2.0925
9        0.0477     0.0644     0.0823     0.1180     0.1603     0.2182     0.3128     0.3879     0.8510
10        0.0129     0.0231     0.0274     0.0386     0.0568     0.0814     0.1392     0.1685     0.5519
11        0.0015     0.0030     0.0038     0.0059     0.0091     0.0148     0.0245     0.0321     0.1777
12        0.0006     0.0015     0.0021     0.0037     0.0066     0.0115     0.0216     0.0320     0.2756
13        0.0000     0.0001     0.0001     0.0002     0.0005     0.0010     0.0019     0.0028     0.0291
14        0.0000     0.0000     0.0000     0.0001     0.0003     0.0005     0.0013     0.0020     0.0328
15+       0.0000     0.0000     0.0000     0.0000     0.0001     0.0002     0.0005     0.0008     0.0398

2026

Age        1%         5%         10%        25%        50%        75%        90%        95%        99%    
1       68.6861    70.5773    79.1516   104.2319   168.7176   238.4217   281.8973   307.1900   325.7043
2       39.5084    43.1841    47.0507    62.0965   101.1230   142.7721   170.7937   185.1118   216.5363
3       18.7041    22.4225    24.9780    33.3186    54.6898    78.9034    96.9867   105.5591   131.0073
4        7.3205     9.9395    11.5688    16.0638    27.3273    41.0293    52.6516    58.2846    70.4366
5        3.0332     4.5799     5.6787     8.0702    14.0670    21.7348    28.9887    32.9595    41.0133
6        3.0482     4.8078     6.0144     8.3374    11.7650    16.4021    21.6873    25.4027    31.5778
7        0.9284     1.5526     1.9776     2.7440     3.7022     4.8467     6.1703     7.0421     8.7419
8        0.4320     0.7176     0.9168     1.2720     1.7295     2.2868     2.9426     3.4364     4.7104
9        0.0618     0.1105     0.1449     0.2080     0.2832     0.3822     0.5237     0.6363     1.0890
10        0.0174     0.0281     0.0365     0.0553     0.0795     0.1125     0.1624     0.2052     0.4471
11        0.0055     0.0095     0.0124     0.0186     0.0284     0.0423     0.0730     0.0906     0.2994
12        0.0006     0.0013     0.0018     0.0029     0.0046     0.0076     0.0129     0.0170     0.0900
13        0.0003     0.0007     0.0010     0.0018     0.0033     0.0059     0.0115     0.0168     0.1488
14        0.0000     0.0000     0.0001     0.0001     0.0003     0.0005     0.0010     0.0015     0.0160
15+       0.0000     0.0000     0.0000     0.0001     0.0002     0.0004     0.0009     0.0015     0.0408

2027

Age        1%         5%         10%        25%        50%        75%        90%        95%        99%    
1       68.6774    70.8649    79.3954   104.6730   168.6913   238.0967   283.4337   309.1571   348.8872
2       38.9966    42.7864    46.8936    61.8547   100.7723   143.6574   170.7094   184.8765   210.1148
3       18.0407    21.9199    24.2937    32.5442    53.9896    77.9693    96.1819   105.2292   126.5043
4        5.4781     8.8460    10.6856    15.1018    25.9081    39.3479    51.0847    57.0934    72.0808
5        1.8451     3.5507     4.5952     6.9821    12.3831    19.7211    26.7782    30.5591    38.6222
6        0.7358     1.5572     2.1941     3.4714     6.2853    10.2984    14.5443    17.0209    21.9152
7        0.7593     1.6285     2.2569     3.5739     5.3952     8.0185    11.0050    13.0572    17.0455
8        0.2443     0.5437     0.7576     1.1768     1.7237     2.3956     3.1566     3.6904     4.7415
9        0.1198     0.2661     0.3609     0.5577     0.8214     1.1475     1.5230     1.8193     2.4529
10        0.0186     0.0418     0.0582     0.0930     0.1382     0.1948     0.2726     0.3403     0.5714
11        0.0053     0.0114     0.0155     0.0252     0.0390     0.0573     0.0841     0.1088     0.2394
12        0.0018     0.0038     0.0054     0.0087     0.0141     0.0218     0.0373     0.0491     0.1594
13        0.0002     0.0005     0.0008     0.0014     0.0023     0.0039     0.0067     0.0089     0.0478
14        0.0001     0.0003     0.0004     0.0009     0.0016     0.0030     0.0060     0.0088     0.0806
15+       0.0000     0.0000     0.0000     0.0001     0.0002     0.0005     0.0010     0.0016     0.0310

2028

Age        1%         5%         10%        25%        50%        75%        90%        95%        99%    
1       68.6590    70.5324    79.0772   104.0229   168.3585   236.3497   278.6718   307.7352   326.9670
2       38.5590    42.7022    46.9486    62.2415   100.3128   142.7924   170.6149   185.9391   214.9747
3       16.2480    21.0899    23.7537    31.7184    53.1217    77.9876    95.8474   104.6723   123.7982
4        4.7837     8.0427     9.9520    14.3885    25.2049    38.0721    50.2062    56.3956    70.5120
5        1.1572     2.7590     3.9102     6.3772    11.4361    18.6432    25.8592    29.9388    39.3280
6        0.3804     1.0907     1.6178     2.8952     5.4005     9.1961    13.2255    15.7110    20.8927
7        0.1505     0.5014     0.7837     1.4505     2.7553     4.8758     7.2156     8.7710    11.7232
8        0.1550     0.5095     0.8044     1.4873     2.4538     3.8550     5.5495     6.7592     9.1471
9        0.0546     0.1787     0.2761     0.5008     0.7994     1.1785     1.6236     1.9290     2.5952
10        0.0277     0.0903     0.1388     0.2413     0.3880     0.5744     0.7923     0.9617     1.3238
11        0.0046     0.0144     0.0226     0.0410     0.0665     0.0989     0.1428     0.1799     0.2993
12        0.0014     0.0042     0.0063     0.0113     0.0189     0.0294     0.0438     0.0573     0.1218
13        0.0005     0.0014     0.0022     0.0040     0.0068     0.0112     0.0189     0.0260     0.0820
14        0.0001     0.0002     0.0003     0.0006     0.0011     0.0020     0.0035     0.0047     0.0258
15+       0.0000     0.0001     0.0002     0.0004     0.0009     0.0018     0.0036     0.0054     0.0592

2029

Age        1%         5%         10%        25%        50%        75%        90%        95%        99%    
1       68.6382    70.1581    79.0117   104.5643   168.5947   236.1119   280.9274   305.7211   338.2512
2       38.4926    42.3813    46.4002    61.4355    98.6925   140.7866   168.3274   183.7307   209.0918
3       14.6814    20.0061    23.2467    31.6427    52.1458    75.9031    94.9243   105.0401   125.3131
4        3.4422     7.0537     9.2555    13.7342    24.1909    37.9785    49.6830    55.6443    69.3315
5        0.8022     2.3331     3.4812     5.8687    10.9805    18.1117    25.3683    29.3090    38.1145
6        0.2064     0.7875     1.3002     2.5616     4.9536     8.8062    12.8887    15.3424    20.6702
7        0.0610     0.3015     0.5467     1.1671     2.3536     4.3251     6.4961     8.0381    11.2694
8        0.0288     0.1415     0.2741     0.5964     1.2196     2.3279     3.6188     4.5451     6.3148
9        0.0298     0.1529     0.2775     0.6207     1.1276     1.8925     2.8440     3.5352     4.8871
10        0.0113     0.0533     0.0979     0.2111     0.3731     0.5884     0.8440     1.0297     1.3982
11        0.0054     0.0279     0.0504     0.1038     0.1843     0.2891     0.4158     0.5120     0.7105
12        0.0010     0.0046     0.0085     0.0179     0.0319     0.0503     0.0747     0.0950     0.1583
13        0.0003     0.0014     0.0024     0.0050     0.0091     0.0150     0.0231     0.0301     0.0628
14        0.0001     0.0005     0.0009     0.0018     0.0033     0.0057     0.0097     0.0138     0.0425
15+       0.0000     0.0001     0.0002     0.0005     0.0010     0.0019     0.0036     0.0053     0.0439

2030

Age        1%         5%         10%        25%        50%        75%        90%        95%        99%    
1       68.6080    70.8931    79.5947   104.9387   168.6038   238.2255   282.0505   309.2993   325.5472
2       37.8117    42.2275    46.1889    61.1753    99.0703   140.1213   168.0876   183.4139   208.0722
3       13.2052    19.7225    22.6540    30.7458    50.5196    74.3276    92.9136   102.9195   120.5344
4        2.3712     6.3229     8.7268    13.4966    23.5669    36.4730    48.9280    55.6791    68.3237
5        0.4565     1.8796     3.0702     5.4745    10.4683    17.8128    24.8321    28.8592    38.1509
6        0.0904     0.6012     1.0769     2.2744     4.6362     8.3832    12.4530    14.9819    20.4836
7        0.0254     0.1984     0.4094     1.0010     2.1193     4.0923     6.3497     7.8107    10.9386
8        0.0074     0.0829     0.1757     0.4627     1.0389     2.0286     3.2176     4.1374     5.9905
9        0.0043     0.0392     0.0926     0.2418     0.5482     1.1052     1.8104     2.3444     3.4152
10        0.0048     0.0430     0.0957     0.2515     0.5188     0.9245     1.4641     1.8461     2.6864
11        0.0017     0.0153     0.0342     0.0878     0.1733     0.2933     0.4408     0.5458     0.7636
12        0.0010     0.0082     0.0179     0.0440     0.0868     0.1464     0.2183     0.2703     0.3885
13        0.0002     0.0015     0.0031     0.0076     0.0150     0.0255     0.0394     0.0508     0.0846
14        0.0001     0.0005     0.0009     0.0022     0.0044     0.0076     0.0121     0.0161     0.0335
15+       0.0000     0.0002     0.0004     0.0010     0.0021     0.0038     0.0069     0.0102     0.0444

2031

Age        1%         5%         10%        25%        50%        75%        90%        95%        99%    
1       68.6851    70.9711    79.4430   105.3618   169.1142   236.8472   279.9199   307.8564   341.3186
2       38.0342    42.0904    46.3197    61.2309    99.2617   142.1384   168.4760   183.5655   206.0509
3       12.4755    19.3918    22.3881    30.5573    50.6089    73.5971    93.1206   101.8027   122.5323
4        1.8848     6.0119     8.3147    12.8885    22.4558    35.6381    47.8984    54.3447    68.0383
5        0.2451     1.5708     2.7719     5.3065    10.0427    17.0127    24.4073    28.5927    37.3826
6        0.0366     0.4544     0.9196     2.0663     4.4007     8.0915    12.1544    14.6770    20.5853
7        0.0087     0.1422     0.3263     0.8620     1.9568     3.8721     6.0726     7.6253    10.9577
8        0.0023     0.0492     0.1266     0.3843     0.9042     1.9004     3.1349     3.9985     5.8431
9        0.0010     0.0214     0.0544     0.1833     0.4578     0.9547     1.6071     2.1082     3.2864
10        0.0005     0.0110     0.0298     0.0971     0.2472     0.5299     0.9147     1.2091     1.8615
11        0.0007     0.0120     0.0320     0.1005     0.2397     0.4567     0.7470     0.9574     1.4727
12        0.0003     0.0044     0.0114     0.0359     0.0807     0.1462     0.2295     0.2888     0.4261
13        0.0002     0.0023     0.0061     0.0182     0.0407     0.0737     0.1147     0.1429     0.2130
14        0.0000     0.0004     0.0011     0.0032     0.0071     0.0129     0.0205     0.0269     0.0449
15+       0.0000     0.0002     0.0005     0.0014     0.0031     0.0058     0.0099     0.0137     0.0375

2032

Age        1%         5%         10%        25%        50%        75%        90%        95%        99%    
1       68.6751    70.9661    79.8308   106.5375   168.9867   237.1656   279.5907   305.7250   325.4312
2       37.9094    42.1646    46.2672    61.0447    99.2082   140.2406   167.6369   182.7379   209.3405
3       11.3614    18.7428    22.0275    30.3063    50.4284    74.3889    93.1555   102.2735   120.3155
4        1.5581     5.6002     7.8738    12.5168    22.2024    35.0407    47.4684    53.4352    67.9850
5        0.1900     1.4424     2.4984     4.9488     9.4675    16.3883    23.6627    27.7869    36.7262
6        0.0198     0.3539     0.7880     1.9490     4.1807     7.7362    11.8173    14.4044    19.6720
7        0.0030     0.0971     0.2561     0.7713     1.8429     3.6835     5.9316     7.3900    10.6318
8        0.0009     0.0324     0.0926     0.3253     0.8306     1.8020     2.9816     3.8678     5.7417
9        0.0002     0.0115     0.0379     0.1468     0.3930     0.8861     1.5625     2.0417     3.1122
10        0.0001     0.0052     0.0176     0.0716     0.2039     0.4571     0.8073     1.0841     1.7653
11        0.0001     0.0028     0.0095     0.0391     0.1118     0.2562     0.4626     0.6334     1.0107
12        0.0001     0.0032     0.0102     0.0406     0.1094     0.2248     0.3846     0.5001     0.8062
13        0.0000     0.0013     0.0038     0.0146     0.0374     0.0726     0.1190     0.1522     0.2347
14        0.0000     0.0007     0.0021     0.0075     0.0190     0.0368     0.0598     0.0760     0.1175
15+       0.0000     0.0002     0.0005     0.0020     0.0049     0.0095     0.0159     0.0215     0.0403

2033

Age        1%         5%         10%        25%        50%        75%        90%        95%        99%    
1       68.6634    70.6080    79.5636   104.5882   168.4324   235.6491   279.4464   307.3891   331.7371
2       37.4719    42.1174    46.4021    61.9518    99.5790   139.8943   167.5921   181.9337   205.7148
3       10.9293    18.4833    21.7704    29.8434    50.1207    73.2438    92.4254   101.9446   122.5551
4        1.2317     4.9362     7.5090    12.4874    22.0514    35.3106    47.5148    54.2713    66.4161
5        0.1270     1.1938     2.3016     4.7637     9.3222    16.1739    23.2882    27.4591    36.9592
6        0.0113     0.2775     0.6830     1.7975     3.8919     7.4106    11.4960    13.9372    19.0779
7        0.0012     0.0701     0.2130     0.7094     1.7336     3.4899     5.7177     7.3157    10.4278
8        0.0003     0.0205     0.0713     0.2851     0.7708     1.6864     2.8876     3.7365     5.6813
9        0.0001     0.0071     0.0273     0.1224     0.3577     0.8384     1.4710     1.9587     3.1094
10        0.0000     0.0028     0.0113     0.0561     0.1739     0.4208     0.7804     1.0585     1.6727
11        0.0000     0.0013     0.0054     0.0277     0.0909     0.2183     0.4075     0.5662     0.9439
12        0.0000     0.0007     0.0031     0.0153     0.0506     0.1238     0.2355     0.3255     0.5416
13        0.0000     0.0008     0.0033     0.0164     0.0498     0.1108     0.1985     0.2620     0.4396
14        0.0000     0.0003     0.0012     0.0059     0.0171     0.0359     0.0618     0.0808     0.1295
15+       0.0000     0.0002     0.0009     0.0038     0.0111     0.0229     0.0398     0.0522     0.0847

2034

Age        1%         5%         10%        25%        50%        75%        90%        95%        99%    
1       68.7180    70.9452    79.2691   105.3002   168.6209   236.9043   279.0883   307.1167   327.2216
2       36.6841    41.6124    46.1874    60.7710    98.4265   138.9270   167.5857   182.7066   208.1570
3        9.1395    18.2545    21.5882    30.2525    50.5438    72.8189    92.3451   101.1799   121.2790
4        0.9614     4.6430     7.3190    12.1898    21.9434    34.9059    47.1799    53.5585    67.8228
5        0.0579     0.9619     2.0849     4.6942     9.2547    16.1891    23.3507    27.7442    35.6962
6        0.0061     0.2219     0.5972     1.6963     3.8287     7.2867    11.2426    13.9077    19.6083
7        0.0010     0.0496     0.1763     0.6448     1.6223     3.3323     5.5664     7.0409    10.2066
8        0.0001     0.0132     0.0564     0.2519     0.7290     1.6022     2.7725     3.6870     5.6369
9        0.0000     0.0041     0.0187     0.1057     0.3301     0.7840     1.4433     1.9224     3.0905
10        0.0000     0.0015     0.0080     0.0464     0.1555     0.3991     0.7414     1.0119     1.6500
11        0.0000     0.0007     0.0034     0.0219     0.0778     0.2010     0.3907     0.5508     0.8934
12        0.0000     0.0003     0.0017     0.0107     0.0407     0.1044     0.2076     0.2965     0.5039
13        0.0000     0.0002     0.0010     0.0061     0.0227     0.0596     0.1203     0.1710     0.2976
14        0.0000     0.0002     0.0010     0.0065     0.0224     0.0543     0.1026     0.1385     0.2384
15+       0.0000     0.0001     0.0007     0.0039     0.0130     0.0295     0.0530     0.0710     0.1137

2035

Age        1%         5%         10%        25%        50%        75%        90%        95%        99%    
1       68.6555    70.0465    78.9501   104.3922   168.7858   237.4599   282.6559   307.3799   351.6435
2       36.8213    41.7252    45.7281    61.1738    98.6461   139.8994   167.6221   182.9056   208.0801
3        7.8267    17.7538    21.6073    29.5640    49.4937    71.7829    91.9482   101.8044   122.4361
4        0.6450     4.5730     7.1885    12.1437    21.9985    34.3897    47.1149    53.2029    66.7881
5        0.0462     0.9241     2.0346     4.5406     9.1002    16.1307    23.1441    27.4348    37.1654
6        0.0022     0.1758     0.5432     1.6662     3.7845     7.2979    11.2807    13.9348    19.0976
7        0.0004     0.0381     0.1540     0.5981     1.5636     3.3033     5.4994     7.0570    10.3282
8        0.0001     0.0097     0.0449     0.2271     0.6744     1.5277     2.7278     3.5171     5.4506
9        0.0000     0.0025     0.0154     0.0908     0.3075     0.7469     1.3893     1.8480     3.0140
10        0.0000     0.0010     0.0054     0.0399     0.1425     0.3680     0.7146     0.9897     1.6541
11        0.0000     0.0004     0.0022     0.0177     0.0685     0.1872     0.3757     0.5261     0.8889
12        0.0000     0.0001     0.0011     0.0083     0.0343     0.0952     0.1968     0.2884     0.4838
13        0.0000     0.0001     0.0006     0.0042     0.0182     0.0506     0.1062     0.1551     0.2679
14        0.0000     0.0000     0.0003     0.0024     0.0101     0.0288     0.0613     0.0881     0.1632
15+       0.0000     0.0001     0.0006     0.0041     0.0161     0.0415     0.0804     0.1092     0.1888

2036

Age        1%         5%         10%        25%        50%        75%        90%        95%        99%    
1       68.6405    70.8710    78.7518   104.0907   168.4595   236.2825   277.8556   305.9976   325.7245
2       36.6287    41.5301    45.3793    60.5237    98.7590   139.4948   168.3544   182.7429   216.6020
3        7.3051    17.6786    21.3150    29.7940    49.4837    72.3447    91.9653   101.6698   121.4962
4        0.3784     4.3764     7.0257    11.9513    21.1884    34.0436    46.7501    53.3788    66.8694
5        0.0175     0.8214     1.9883     4.4529     9.0422    15.8123    22.8822    27.4668    36.3132
6        0.0011     0.1623     0.5164     1.5586     3.7027     7.2263    11.1728    13.7352    19.9798
7        0.0002     0.0298     0.1375     0.5758     1.5346     3.2995     5.4086     6.9989    10.0696
8        0.0000     0.0072     0.0394     0.2132     0.6425     1.5042     2.6649     3.5410     5.4965
9        0.0000     0.0018     0.0118     0.0815     0.2849     0.7057     1.3432     1.7938     2.8887
10        0.0000     0.0007     0.0043     0.0338     0.1310     0.3506     0.6839     0.9551     1.6431
11        0.0000     0.0002     0.0015     0.0152     0.0619     0.1733     0.3588     0.5153     0.8889
12        0.0000     0.0001     0.0007     0.0068     0.0300     0.0886     0.1897     0.2709     0.4882
13        0.0000     0.0000     0.0003     0.0033     0.0150     0.0461     0.0995     0.1495     0.2641
14        0.0000     0.0000     0.0002     0.0016     0.0081     0.0244     0.0537     0.0801     0.1502
15+       0.0000     0.0000     0.0003     0.0027     0.0123     0.0352     0.0719     0.1026     0.1847

2037

Age        1%         5%         10%        25%        50%        75%        90%        95%        99%    
1       68.6901    70.5216    79.1021   105.5460   168.3507   236.2039   279.2548   305.4805   325.5657
2       35.8395    41.4524    45.2422    60.3598    98.2823   139.5653   166.5178   181.2325   206.3842
3        7.6583    17.6222    21.0689    29.2507    49.6586    72.0572    92.1242   101.7262   124.7207
4        0.4415     4.2104     7.0194    11.9472    21.2046    34.0418    46.7513    53.1454    66.0745
5        0.0157     0.7974     1.9164     4.4117     8.7063    15.5950    22.8221    27.1951    36.4461
6        0.0010     0.1342     0.4890     1.5453     3.6285     7.0700    10.9581    13.7172    19.4880
7        0.0002     0.0249     0.1295     0.5419     1.4991     3.2226     5.3890     6.8782    10.7967
8        0.0000     0.0053     0.0346     0.2006     0.6323     1.5165     2.6357     3.5341     5.4055
9        0.0000     0.0013     0.0105     0.0773     0.2716     0.6945     1.3012     1.8039     2.9387
10        0.0000     0.0005     0.0032     0.0299     0.1226     0.3328     0.6768     0.9193     1.5621
11        0.0000     0.0001     0.0012     0.0126     0.0571     0.1654     0.3427     0.4961     0.8806
12        0.0000     0.0001     0.0005     0.0057     0.0272     0.0828     0.1809     0.2703     0.4790
13        0.0000     0.0000     0.0002     0.0025     0.0132     0.0424     0.0963     0.1425     0.2649
14        0.0000     0.0000     0.0001     0.0012     0.0067     0.0222     0.0504     0.0779     0.1450
15+       0.0000     0.0000     0.0002     0.0017     0.0097     0.0298     0.0637     0.0945     0.1770

2038

Age        1%         5%         10%        25%        50%        75%        90%        95%        99%    
1       68.5548    70.5669    78.6787   104.0384   168.4090   236.8827   280.0241   307.5627   333.4167
2       35.4612    41.4040    45.6164    61.0741    98.1196   138.7014   166.2643   180.1343   207.4972
3        6.4854    17.5194    21.0577    29.0475    49.0567    71.8904    91.3166   100.4592   121.3559
4        0.4135     4.2066     6.8498    11.6863    21.1617    34.1377    46.7631    53.4535    68.4751
5        0.0171     0.8207     1.8371     4.3440     8.6734    15.5708    22.9139    27.0125    35.6818
6        0.0010     0.1382     0.4752     1.4970     3.5160     7.0093    10.9889    13.4841    19.0972
7        0.0001     0.0229     0.1255     0.5289     1.4651     3.1776     5.2708     6.7772    10.1831
8        0.0000     0.0045     0.0336     0.1873     0.6177     1.4667     2.6155     3.4436     5.6831
9        0.0000     0.0010     0.0092     0.0713     0.2649     0.7071     1.3033     1.7743     2.8071
10        0.0000     0.0003     0.0027     0.0277     0.1156     0.3241     0.6492     0.9251     1.5396
11        0.0000     0.0001     0.0010     0.0107     0.0534     0.1563     0.3397     0.4810     0.8366
12        0.0000     0.0000     0.0004     0.0048     0.0246     0.0784     0.1716     0.2636     0.4721
13        0.0000     0.0000     0.0002     0.0021     0.0120     0.0397     0.0920     0.1406     0.2573
14        0.0000     0.0000     0.0001     0.0010     0.0057     0.0203     0.0489     0.0745     0.1439
15+       0.0000     0.0000     0.0001     0.0012     0.0076     0.0260     0.0591     0.0900     0.1689

2039

Age        1%         5%         10%        25%        50%        75%        90%        95%        99%    
1       68.6701    71.3536    79.2765   105.4982   168.5759   237.0893   280.5251   307.1643   330.3733
2       35.6113    41.4331    45.0436    60.0914    98.1948   139.6800   167.8140   183.0533   208.8207
3        6.1845    17.1567    21.0236    29.4035    49.0021    71.4131    91.2138   100.3518   121.1930
4        0.3121     4.1977     6.6685    11.5637    20.9300    34.0033    46.2414    52.2878    66.0975
5        0.0075     0.7675     1.7575     4.1830     8.6483    15.5232    22.9372    27.1656    36.5366
6        0.0010     0.1318     0.4356     1.4653     3.4910     6.9296    10.9053    13.4495    18.8776
7        0.0001     0.0241     0.1131     0.5004     1.4399     3.1362     5.2781     6.7738    10.0354
8        0.0000     0.0043     0.0296     0.1790     0.6030     1.4398     2.5678     3.3540     5.3577
9        0.0000     0.0010     0.0081     0.0651     0.2565     0.6707     1.2835     1.7529     3.0081
10        0.0000     0.0003     0.0024     0.0251     0.1122     0.3290     0.6488     0.9035     1.4984
11        0.0000     0.0001     0.0009     0.0101     0.0499     0.1517     0.3276     0.4718     0.8337
12        0.0000     0.0000     0.0003     0.0040     0.0232     0.0733     0.1695     0.2474     0.4478
13        0.0000     0.0000     0.0001     0.0018     0.0108     0.0374     0.0869     0.1333     0.2476
14        0.0000     0.0000     0.0000     0.0009     0.0052     0.0191     0.0467     0.0724     0.1396
15+       0.0000     0.0000     0.0001     0.0010     0.0062     0.0230     0.0549     0.0845     0.1607

2040

Age        1%         5%         10%        25%        50%        75%        90%        95%        99%    
1       68.5859    70.4847    78.8486   104.0747   168.5747   237.2046   280.5394   305.2507   325.6288
2       33.6759    41.3707    45.4021    60.6807    98.3803   139.7001   168.3196   181.8053   207.7419
3        5.0876    16.7400    20.8469    28.8780    49.1444    72.0311    91.9005   101.1269   122.2863
4        0.1279     3.9584     6.6297    11.5880    20.8358    33.6378    46.2800    52.5863    67.2327
5        0.0028     0.7345     1.7144     4.1705     8.5260    15.5744    22.6625    26.6618    35.8782
6        0.0008     0.1193     0.3999     1.4305     3.4295     6.9237    10.9659    13.5934    19.8456
7        0.0000     0.0215     0.1003     0.4977     1.4133     3.0965     5.2276     6.7548     9.8658
8        0.0000     0.0038     0.0257     0.1715     0.5911     1.4054     2.5285     3.3928     5.2715
9        0.0000     0.0010     0.0073     0.0624     0.2535     0.6592     1.2594     1.7003     2.8028
10        0.0000     0.0003     0.0020     0.0230     0.1072     0.3112     0.6443     0.8839     1.6230
11        0.0000     0.0001     0.0008     0.0088     0.0481     0.1543     0.3169     0.4613     0.8081
12        0.0000     0.0000     0.0002     0.0035     0.0216     0.0719     0.1656     0.2397     0.4506
13        0.0000     0.0000     0.0001     0.0015     0.0101     0.0347     0.0846     0.1280     0.2424
14        0.0000     0.0000     0.0000     0.0007     0.0047     0.0178     0.0437     0.0690     0.1328
15+       0.0000     0.0000     0.0000     0.0008     0.0054     0.0212     0.0520     0.0796     0.1593

2041

Age        1%         5%         10%        25%        50%        75%        90%        95%        99%    
1       68.6712    70.9681    79.1914   104.6658   168.3912   233.8460   277.0441   305.3678   324.8760
2       34.6006    41.1930    45.1976    59.9463    98.0504   139.2256   167.5631   181.1909   206.4353
3        4.2084    16.8034    20.7794    29.1418    48.9976    72.0683    92.2501   101.4219   121.1460
4        0.1065     3.7064     6.5806    11.4849    20.8710    33.6629    46.3464    53.0294    66.7991
5        0.0015     0.6996     1.6895     4.1189     8.5532    15.2848    22.6388    26.7260    35.8773
6        0.0004     0.1221     0.3985     1.4091     3.4236     6.9587    10.8027    13.2375    19.1302
7        0.0000     0.0205     0.0938     0.4831     1.3866     3.0907     5.3264     6.7434    10.3878
8        0.0000     0.0037     0.0241     0.1675     0.5756     1.3921     2.5322     3.3817     5.2239
9        0.0000     0.0010     0.0062     0.0601     0.2433     0.6410     1.2359     1.7253     2.7921
10        0.0000     0.0002     0.0018     0.0222     0.1079     0.3025     0.6345     0.8640     1.5203
11        0.0000     0.0001     0.0006     0.0081     0.0463     0.1455     0.3205     0.4507     0.8707
12        0.0000     0.0000     0.0002     0.0033     0.0210     0.0728     0.1577     0.2382     0.4434
13        0.0000     0.0000     0.0001     0.0013     0.0094     0.0341     0.0831     0.1243     0.2440
14        0.0000     0.0000     0.0000     0.0006     0.0044     0.0166     0.0426     0.0665     0.1311
15+       0.0000     0.0000     0.0000     0.0006     0.0047     0.0196     0.0490     0.0779     0.1542

2042

Age        1%         5%         10%        25%        50%        75%        90%        95%        99%    
1       68.6966    70.9027    79.4285   105.9813   168.6519   235.5112   281.8793   306.2156   329.4843
2       32.0574    41.2152    45.2214    60.3861    97.6216   136.9663   165.9035   181.0883   207.7757
3        3.2950    16.4842    20.7274    28.5227    48.9967    71.7606    91.6082   100.6218   118.6650
4        0.0808     3.6192     6.2862    11.5279    20.8210    34.1040    46.7246    52.9759    65.4442
5        0.0010     0.6207     1.5942     4.1335     8.5827    15.3231    22.6683    26.9797    35.9694
6        0.0004     0.1095     0.3770     1.3956     3.4384     6.8354    10.8338    13.2708    18.8815
7        0.0000     0.0182     0.0913     0.4673     1.3860     3.0986     5.1783     6.6307     9.9990
8        0.0000     0.0035     0.0221     0.1639     0.5642     1.4028     2.5596     3.4086     5.4987
9        0.0000     0.0009     0.0059     0.0576     0.2401     0.6398     1.2458     1.7049     2.8268
10        0.0000     0.0002     0.0016     0.0208     0.1030     0.2988     0.6109     0.8848     1.4972
11        0.0000     0.0001     0.0006     0.0078     0.0459     0.1431     0.3168     0.4461     0.8045
12        0.0000     0.0000     0.0002     0.0030     0.0198     0.0693     0.1600     0.2310     0.4654
13        0.0000     0.0000     0.0001     0.0012     0.0091     0.0342     0.0800     0.1232     0.2384
14        0.0000     0.0000     0.0000     0.0005     0.0041     0.0162     0.0417     0.0648     0.1301
15+       0.0000     0.0000     0.0000     0.0005     0.0043     0.0180     0.0467     0.0722     0.1448

2043

Age        1%         5%         10%        25%        50%        75%        90%        95%        99%    
1       68.6623    71.2766    79.3397   105.0186   168.6014   236.6895   278.2079   304.2195   324.7975
2       30.5373    41.1932    45.2415    60.7063    98.3248   138.4001   168.1054   182.0381   207.5793
3        2.5504    16.1298    20.5873    28.6825    48.3643    70.5114    91.1041   100.9780   122.2106
4        0.0414     3.4285     6.2738    11.2708    20.8984    33.8537    46.2771    52.6237    65.8953
5        0.0010     0.5854     1.5117     4.0864     8.5834    15.4000    22.7022    26.9077    35.0342
6        0.0003     0.0848     0.3485     1.3841     3.4081     6.7733    10.8438    13.4983    19.2092
7        0.0000     0.0148     0.0818     0.4611     1.3896     3.0665     5.1799     6.6694     9.9407
8        0.0000     0.0026     0.0207     0.1563     0.5603     1.3897     2.5150     3.3324     5.2884
9        0.0000     0.0009     0.0055     0.0561     0.2353     0.6431     1.2588     1.7205     2.9366
10        0.0000     0.0002     0.0015     0.0196     0.1021     0.2971     0.6155     0.8710     1.5250
11        0.0000     0.0000     0.0005     0.0074     0.0432     0.1398     0.3074     0.4533     0.7907
12        0.0000     0.0000     0.0002     0.0028     0.0196     0.0676     0.1605     0.2313     0.4387
13        0.0000     0.0000     0.0001     0.0011     0.0086     0.0332     0.0812     0.1206     0.2465
14        0.0000     0.0000     0.0000     0.0005     0.0040     0.0164     0.0413     0.0642     0.1258
15+       0.0000     0.0000     0.0000     0.0004     0.0040     0.0171     0.0447     0.0695     0.1450

2044

Age        1%         5%         10%        25%        50%        75%        90%        95%        99%    
1       68.6278    70.4872    78.8086   104.7489   168.5095   237.4571   279.9707   307.0301   363.7087
2       24.2383    41.0174    45.1857    60.3312    97.9887   138.3568   166.3651   180.2623   203.7634
3        1.3023    16.2225    20.4856    29.1229    48.7024    71.4855    92.0336   101.5383   121.5758
4        0.0073     3.3614     6.3101    11.2774    20.4720    33.3356    45.8303    53.0314    67.8419
5        0.0010     0.5281     1.5145     3.9807     8.5080    15.4012    22.6981    26.7734    35.3334
6        0.0003     0.0817     0.3436     1.3742     3.4394     6.8096    10.8837    13.4628    18.7204
7        0.0000     0.0115     0.0747     0.4634     1.3631     3.0322     5.1947     6.6742    10.4024
8        0.0000     0.0019     0.0189     0.1563     0.5671     1.3743     2.5021     3.3564     5.2535
9        0.0000     0.0006     0.0049     0.0533     0.2307     0.6312     1.2333     1.6834     2.8628
10        0.0000     0.0002     0.0013     0.0188     0.0987     0.2975     0.6234     0.8826     1.5563
11        0.0000     0.0000     0.0005     0.0068     0.0440     0.1408     0.3075     0.4405     0.8460
12        0.0000     0.0000     0.0001     0.0027     0.0187     0.0662     0.1554     0.2325     0.4302
13        0.0000     0.0000     0.0000     0.0010     0.0085     0.0321     0.0806     0.1220     0.2416
14        0.0000     0.0000     0.0000     0.0004     0.0037     0.0158     0.0408     0.0630     0.1341
15+       0.0000     0.0000     0.0000     0.0004     0.0037     0.0168     0.0437     0.0692     0.1395

2045

Age        1%         5%         10%        25%        50%        75%        90%        95%        99%    
1       68.5593    70.1106    78.7458   104.5411   168.2980   235.8620   278.2160   305.8718   324.7445
2        0.0010    40.8525    45.0102    60.2453    98.0039   138.7139   167.7355   182.0771   214.1253
3        0.0010    15.8508    20.5592    29.1126    48.3818    71.0035    91.5266   100.2333   118.3271
4        0.0010     3.3337     6.1495    11.3675    20.7690    33.7051    46.5660    53.1797    67.0982
5        0.0010     0.5399     1.5154     3.9713     8.3708    15.1327    22.4520    26.8535    36.2951
6        0.0001     0.0759     0.3375     1.3259     3.3585     6.8346    10.8849    13.3746    19.1311
7        0.0000     0.0111     0.0747     0.4579     1.3815     3.0125     5.1901     6.7677    10.1311
8        0.0000     0.0016     0.0169     0.1560     0.5541     1.3672     2.5121     3.3432     5.7098
9        0.0000     0.0005     0.0045     0.0537     0.2321     0.6288     1.2096     1.6816     2.8255
10        0.0000     0.0001     0.0012     0.0189     0.0983     0.2935     0.6100     0.8554     1.5631
11        0.0000     0.0000     0.0005     0.0067     0.0422     0.1399     0.3107     0.4606     0.8345
12        0.0000     0.0000     0.0001     0.0024     0.0186     0.0669     0.1531     0.2257     0.4545
13        0.0000     0.0000     0.0000     0.0010     0.0081     0.0314     0.0781     0.1196     0.2325
14        0.0000     0.0000     0.0000     0.0004     0.0037     0.0153     0.0402     0.0621     0.1337
15+       0.0000     0.0000     0.0000     0.0003     0.0035     0.0163     0.0431     0.0666     0.1445

2046

Age        1%         5%         10%        25%        50%        75%        90%        95%        99%    
1       68.6095    70.2026    78.7820   104.1242   168.3310   236.0695   277.9107   306.3237   325.5977
2       -0.0010    40.6382    44.6697    59.3912    97.3212   137.7965   166.4210   181.3363   202.9372
3        0.0010    15.8193    20.3553    28.5769    48.4317    71.6915    91.6341   101.3666   125.3304
4        0.0010     3.1243     6.2101    11.3305    20.4768    33.5719    45.9206    52.5000    66.2745
5        0.0010     0.4954     1.5359     4.0157     8.3442    15.2976    22.6305    26.8719    36.6738
6        0.0001     0.0706     0.3435     1.3314     3.3329     6.6680    10.8138    13.4126    19.5277
7        0.0000     0.0099     0.0735     0.4383     1.3574     3.0287     5.2339     6.7062    10.2179
8        0.0000     0.0016     0.0176     0.1533     0.5659     1.3641     2.5130     3.4284     5.4795
9        0.0000     0.0005     0.0043     0.0525     0.2292     0.6321     1.2104     1.6944     2.9717
10        0.0000     0.0001     0.0011     0.0188     0.0967     0.2938     0.5995     0.8611     1.5066
11        0.0000     0.0000     0.0005     0.0066     0.0420     0.1368     0.3021     0.4444     0.8314
12        0.0000     0.0000     0.0001     0.0024     0.0182     0.0662     0.1546     0.2359     0.4476
13        0.0000     0.0000     0.0000     0.0010     0.0078     0.0319     0.0757     0.1168     0.2466
14        0.0000     0.0000     0.0000     0.0004     0.0034     0.0148     0.0393     0.0616     0.1273
15+       0.0000     0.0000     0.0000     0.0003     0.0034     0.0155     0.0424     0.0676     0.1472

2047

Age        1%         5%         10%        25%        50%        75%        90%        95%        99%    
1       68.6212    71.4811    79.4297   104.9452   168.3938   236.2023   278.0150   306.6601   325.2992
2       -0.0010    40.5701    44.4565    59.4186    97.5897   137.8582   166.5803   180.4047   206.4284
3       -0.0010    15.6099    19.9945    28.2616    47.9706    70.8984    91.3315   100.3415   117.9501
4        0.0010     3.1361     6.0356    11.1870    20.4960    33.7790    46.1107    52.9810    68.7662
5        0.0006     0.4384     1.4900     3.9833     8.3313    15.2188    22.4883    26.8461    35.6568
6        0.0000     0.0608     0.3492     1.3289     3.3302     6.8102    10.8268    13.5435    19.4400
7        0.0000     0.0093     0.0757     0.4267     1.3419     2.9798     5.1803     6.7903    10.3031
8        0.0000     0.0013     0.0169     0.1464     0.5473     1.3546     2.5213     3.4033     5.4586
9        0.0000     0.0005     0.0042     0.0518     0.2312     0.6231     1.2280     1.7445     2.9591
10        0.0000     0.0001     0.0011     0.0183     0.0960     0.2937     0.5924     0.8758     1.6021
11        0.0000     0.0000     0.0004     0.0065     0.0404     0.1363     0.2977     0.4436     0.8011
12        0.0000     0.0000     0.0001     0.0024     0.0177     0.0652     0.1523     0.2280     0.4486
13        0.0000     0.0000     0.0000     0.0010     0.0077     0.0316     0.0770     0.1234     0.2451
14        0.0000     0.0000     0.0000     0.0004     0.0034     0.0152     0.0384     0.0605     0.1340
15+       0.0000     0.0000     0.0000     0.0003     0.0032     0.0154     0.0418     0.0649     0.1428

2048

Age        1%         5%         10%        25%        50%        75%        90%        95%        99%    
1       68.5884    70.4711    78.8780   104.5600   168.4968   235.4429   280.6076   306.1688   324.8950
2       -0.0010    40.8582    44.7696    59.6376    97.5784   138.5044   166.3143   181.8218   204.9820
3       -0.0010    15.3152    19.8234    28.1730    47.9009    70.5914    90.5655   100.3743   120.7346
4       -0.0010     3.0728     5.8451    11.0789    20.3897    33.1774    46.0004    52.7547    64.7323
5        0.0001     0.4512     1.4212     3.9091     8.2994    15.3759    22.4857    26.8943    36.6558
6        0.0000     0.0601     0.3252     1.3050     3.3363     6.7575    10.8083    13.3561    18.8845
7        0.0000     0.0072     0.0750     0.4319     1.3164     3.0516     5.2239     6.8445    10.4521
8        0.0000     0.0011     0.0174     0.1395     0.5383     1.3394     2.4865     3.4494     5.4260
9        0.0000     0.0005     0.0039     0.0488     0.2265     0.6227     1.2333     1.7181     2.8930
10        0.0000     0.0001     0.0010     0.0174     0.0961     0.2878     0.6085     0.8848     1.5812
11        0.0000     0.0000     0.0004     0.0063     0.0405     0.1362     0.2988     0.4533     0.8731
12        0.0000     0.0000     0.0001     0.0023     0.0175     0.0644     0.1505     0.2294     0.4222
13        0.0000     0.0000     0.0000     0.0010     0.0076     0.0308     0.0761     0.1177     0.2402
14        0.0000     0.0000     0.0000     0.0004     0.0033     0.0149     0.0385     0.0648     0.1349
15+       0.0000     0.0000     0.0000     0.0003     0.0031     0.0150     0.0403     0.0647     0.1467

2049

Age        1%         5%         10%        25%        50%        75%        90%        95%        99%    
1       68.6175    70.1221    78.6167   104.1570   168.6521   237.2885   278.7039   306.9784   332.0942
2       -0.0010    40.4222    44.4694    59.1540    97.4947   137.7528   167.1789   181.3535   204.4589
3       -0.0010    14.9068    20.0293    28.2999    48.2760    71.2230    91.1089   100.4050   119.9810
4       -0.0010     2.7613     5.8067    10.9802    20.3465    32.9867    45.6213    52.6049    66.7010
5       -0.0010     0.3900     1.3802     3.9216     8.2360    15.1262    22.5212    26.7804    34.6349
6        0.0000     0.0491     0.3092     1.2806     3.3215     6.8279    10.6960    13.3384    19.2098
7        0.0000     0.0068     0.0667     0.4256     1.3242     2.9839     5.2166     6.6590     9.9849
8        0.0000     0.0010     0.0159     0.1410     0.5369     1.3631     2.5163     3.4150     5.5224
9        0.0000     0.0004     0.0038     0.0466     0.2209     0.6094     1.2262     1.7360     2.8854
10        0.0000     0.0001     0.0010     0.0164     0.0942     0.2854     0.6091     0.8754     1.5476
11        0.0000     0.0000     0.0004     0.0061     0.0405     0.1343     0.3005     0.4542     0.8242
12        0.0000     0.0000     0.0001     0.0022     0.0172     0.0638     0.1504     0.2330     0.4706
13        0.0000     0.0000     0.0000     0.0010     0.0075     0.0302     0.0747     0.1173     0.2288
14        0.0000     0.0000     0.0000     0.0004     0.0032     0.0146     0.0382     0.0611     0.1287
15+       0.0000     0.0000     0.0000     0.0003     0.0030     0.0151     0.0401     0.0647     0.1434

2050

Age        1%         5%         10%        25%        50%        75%        90%        95%        99%    
1       68.5866    70.5178    79.0703   105.5253   168.4316   236.6527   281.4866   308.9153   325.3929
2       -0.0010    40.1099    44.2206    59.2076    98.1413   138.7673   167.1149   181.5657   206.8282
3       -0.0010    14.3301    19.6463    27.9582    48.0683    71.3162    91.1434   100.6369   118.5321
4       -0.0010     2.4531     5.5821    11.0781    20.3699    33.5847    45.7725    52.3896    65.7837
5       -0.0010     0.3547     1.3072     3.8094     8.2369    14.9704    22.4721    26.4604    35.8600
6       -0.0010     0.0391     0.2886     1.2700     3.2963     6.7277    10.7768    13.3457    18.4798
7        0.0000     0.0048     0.0607     0.4158     1.3249     3.0248     5.1173     6.6792    10.1321
8        0.0000     0.0010     0.0141     0.1381     0.5392     1.3376     2.5390     3.3417     5.2750
9        0.0000     0.0003     0.0035     0.0459     0.2211     0.6236     1.2378     1.7347     2.8583
10        0.0000     0.0001     0.0010     0.0159     0.0920     0.2823     0.6044     0.8855     1.5802
11        0.0000     0.0000     0.0004     0.0057     0.0400     0.1331     0.3030     0.4522     0.8308
12        0.0000     0.0000     0.0001     0.0021     0.0173     0.0630     0.1500     0.2339     0.4483
13        0.0000     0.0000     0.0000     0.0009     0.0074     0.0302     0.0755     0.1191     0.2495
14        0.0000     0.0000     0.0000     0.0004     0.0032     0.0145     0.0378     0.0611     0.1229
15+       0.0000     0.0000     0.0000     0.0003     0.0029     0.0147     0.0399     0.0645     0.1414

2051

Age        1%         5%         10%        25%        50%        75%        90%        95%        99%    
1       68.6270    70.6814    79.3411   105.5600   168.5265   235.6272   279.5343   306.7096   325.4377
2       -0.0010    40.1811    44.2009    59.5001    97.5699   137.8916   167.6057   182.6090   205.6754
3       -0.0010    14.2273    19.5677    28.1860    48.1969    71.4791    91.6228   101.3084   121.3710
4       -0.0010     2.4578     5.4271    10.9815    20.5118    33.4456    45.9174    52.6985    65.9103
5       -0.0010     0.3044     1.2781     3.8132     8.3116    15.1539    22.3557    26.5433    35.6999
6       -0.0010     0.0354     0.2675     1.2321     3.2920     6.6689    10.7134    13.2142    19.2192
7       -0.0010     0.0036     0.0627     0.4144     1.2993     2.9808     5.1759     6.6620     9.6694
8        0.0000     0.0010     0.0130     0.1382     0.5360     1.3659     2.4642     3.3610     5.3324
9        0.0000     0.0003     0.0030     0.0465     0.2222     0.6139     1.2364     1.6984     2.7615
10        0.0000     0.0001     0.0010     0.0158     0.0927     0.2899     0.6058     0.8934     1.5360
11        0.0000     0.0000     0.0003     0.0056     0.0390     0.1322     0.3058     0.4533     0.8590
12        0.0000     0.0000     0.0001     0.0020     0.0169     0.0628     0.1533     0.2312     0.4547
13        0.0000     0.0000     0.0000     0.0010     0.0076     0.0300     0.0763     0.1204     0.2429
14        0.0000     0.0000     0.0000     0.0003     0.0032     0.0143     0.0385     0.0623     0.1354
15+       0.0000     0.0000     0.0000     0.0003     0.0028     0.0144     0.0403     0.0659     0.1409

2052

Age        1%         5%         10%        25%        50%        75%        90%        95%        99%    
1       68.5828    70.8387    79.2370   104.4784   168.2520   236.7823   281.5528   307.3416   334.7447
2       -0.0010    40.2704    44.2917    59.9827    97.2900   138.0129   167.1205   182.0703   204.5175
3       -0.0010    14.5154    19.7746    28.2405    48.3154    71.3476    91.7332   100.9645   120.9368
4       -0.0010     2.3738     5.5314    11.0225    20.3742    33.4543    46.5053    52.8762    67.0598
5       -0.0010     0.2878     1.2366     3.7966     8.3116    15.2402    22.4191    26.8321    34.9767
6       -0.0010     0.0304     0.2547     1.2426     3.3162     6.7339    10.7259    13.1340    18.7081
7       -0.0010     0.0039     0.0557     0.4011     1.3200     2.9651     5.1063     6.5970    10.0814
8       -0.0010     0.0010     0.0127     0.1361     0.5314     1.3435     2.5093     3.3467     5.1386
9        0.0000     0.0003     0.0029     0.0456     0.2201     0.6262     1.2100     1.6959     2.8591
10        0.0000     0.0001     0.0010     0.0162     0.0921     0.2853     0.6114     0.8629     1.4601
11        0.0000     0.0000     0.0003     0.0057     0.0385     0.1364     0.2995     0.4585     0.8188
12        0.0000     0.0000     0.0001     0.0020     0.0166     0.0632     0.1546     0.2342     0.4613
13        0.0000     0.0000     0.0000     0.0009     0.0073     0.0296     0.0769     0.1197     0.2495
14        0.0000     0.0000     0.0000     0.0003     0.0032     0.0141     0.0390     0.0626     0.1318
15+       0.0000     0.0000     0.0000     0.0003     0.0028     0.0142     0.0403     0.0663     0.1431

2053

Age        1%         5%         10%        25%        50%        75%        90%        95%        99%    
1       68.5637    70.4905    78.7426   103.5911   168.3288   235.2875   280.8472   307.4304   328.6044
2       -0.0010    40.1583    44.2688    58.9113    96.4371   138.6098   167.4516   182.5846   207.0284
3       -0.0010    14.3245    19.9790    28.4790    48.1210    71.1283    91.3325   100.9828   119.4476
4       -0.0010     2.2378     5.6870    11.0085    20.3913    33.2080    46.5508    52.9373    67.1794
5       -0.0010     0.2765     1.2102     3.8699     8.2954    15.2368    22.5758    26.8871    36.5084
6       -0.0010     0.0290     0.2617     1.2354     3.3009     6.7856    10.7705    13.4143    18.7995
7       -0.0010     0.0032     0.0514     0.4013     1.3118     3.0012     5.1216     6.5657     9.8049
8       -0.0010     0.0010     0.0119     0.1324     0.5317     1.3288     2.4930     3.3055     5.2229
9       -0.0010     0.0002     0.0027     0.0454     0.2179     0.6140     1.2175     1.6733     2.7527
10        0.0000     0.0000     0.0010     0.0158     0.0926     0.2902     0.5943     0.8703     1.5089
11        0.0000     0.0000     0.0003     0.0056     0.0384     0.1344     0.3058     0.4470     0.7848
12        0.0000     0.0000     0.0001     0.0020     0.0165     0.0643     0.1495     0.2350     0.4439
13        0.0000     0.0000     0.0000     0.0009     0.0070     0.0300     0.0768     0.1220     0.2483
14        0.0000     0.0000     0.0000     0.0003     0.0031     0.0140     0.0390     0.0624     0.1360
15+       0.0000     0.0000     0.0000     0.0003     0.0028     0.0142     0.0409     0.0678     0.1488

2054

Age        1%         5%         10%        25%        50%        75%        90%        95%        99%    
1       68.6144    70.3608    78.7769   105.1471   168.8713   238.8850   282.0461   307.9603   331.8928
2       -0.0010    39.9793    43.7540    58.3197    96.6815   137.2746   167.4546   182.9363   209.8185
3       -0.0010    14.2438    19.7550    27.8610    47.1662    71.4608    91.7120   101.2652   122.6737
4       -0.0010     2.3864     5.6502    11.1241    20.2811    33.5943    46.1358    52.7187    65.1186
5       -0.0010     0.2532     1.2770     3.8030     8.2609    15.2274    22.6864    26.9582    36.1424
6       -0.0010     0.0287     0.2522     1.2582     3.3283     6.8337    10.7154    13.3682    19.2675
7       -0.0010     0.0029     0.0533     0.3960     1.3162     3.0002     5.1463     6.6324     9.8361
8       -0.0010     0.0010     0.0108     0.1294     0.5377     1.3626     2.4719     3.2780     5.2311
9       -0.0010     0.0002     0.0027     0.0444     0.2210     0.6042     1.2193     1.6721     2.8765
10       -0.0010     0.0000     0.0010     0.0155     0.0918     0.2847     0.6086     0.8513     1.4530
11        0.0000     0.0000     0.0003     0.0053     0.0385     0.1362     0.2914     0.4488     0.8148
12        0.0000     0.0000     0.0001     0.0020     0.0164     0.0634     0.1539     0.2285     0.4224
13        0.0000     0.0000     0.0000     0.0009     0.0072     0.0304     0.0744     0.1203     0.2418
14        0.0000     0.0000     0.0000     0.0003     0.0030     0.0141     0.0386     0.0628     0.1316
15+       0.0000     0.0000     0.0000     0.0003     0.0027     0.0142     0.0408     0.0657     0.1445

2055

Age        1%         5%         10%        25%        50%        75%        90%        95%        99%    
1       68.5826    70.2015    78.8739   105.5202   168.5273   236.8434   278.6544   305.8845   324.6707
2       -0.0010    39.6944    43.7897    59.5288    98.1545   139.6778   168.0183   182.1562   207.1389
3       -0.0010    13.6689    19.5299    27.6334    47.6604    70.7497    91.2549   101.9343   123.9854
4       -0.0010     2.2548     5.5156    10.8249    20.0339    33.3335    46.4408    53.1072    67.1371
5       -0.0010     0.2590     1.2466     3.8347     8.2665    15.1874    22.6217    26.7974    35.3787
6       -0.0010     0.0230     0.2592     1.2420     3.2611     6.7720    10.8215    13.5029    18.9175
7       -0.0010     0.0028     0.0497     0.4135     1.3422     3.0579     5.1156     6.6183    10.2150
8       -0.0010     0.0009     0.0110     0.1298     0.5386     1.3477     2.4767     3.3157     5.1064
9       -0.0010     0.0002     0.0023     0.0427     0.2228     0.6279     1.2251     1.6770     2.8025
10       -0.0010     0.0000     0.0009     0.0152     0.0932     0.2821     0.6047     0.8591     1.5159
11       -0.0010     0.0000     0.0002     0.0053     0.0387     0.1339     0.2999     0.4347     0.7819
12        0.0000     0.0000     0.0001     0.0019     0.0166     0.0635     0.1471     0.2283     0.4274
13        0.0000     0.0000     0.0000     0.0009     0.0071     0.0299     0.0777     0.1162     0.2328
14        0.0000     0.0000     0.0000     0.0003     0.0031     0.0146     0.0381     0.0627     0.1299
15+       0.0000     0.0000     0.0000     0.0003     0.0027     0.0140     0.0397     0.0652     0.1531

2056

Age        1%         5%         10%        25%        50%        75%        90%        95%        99%    
1       68.6132    70.5318    78.4992   103.5401   168.4129   236.9388   280.1423   306.1071   324.7228
2       -0.0010    39.7727    43.8831    59.6066    97.8960   138.7982   166.8606   180.4274   204.7662
3       -0.0010    13.6227    19.5479    28.2171    48.8671    71.9945    91.9850   100.8881   121.3620
4       -0.0010     2.1779     5.4548    10.7481    20.3040    33.3052    46.4162    53.3481    68.9380
5       -0.0010     0.2553     1.1950     3.7988     8.2244    15.1238    22.5960    26.7480    36.1471
6       -0.0010     0.0235     0.2591     1.2452     3.3038     6.7463    10.7935    13.4164    18.7226
7       -0.0010     0.0026     0.0496     0.3981     1.3057     3.0465     5.1636     6.6761    10.0294
8       -0.0010     0.0007     0.0100     0.1339     0.5413     1.3592     2.4761     3.3010     5.2569
9       -0.0010     0.0001     0.0023     0.0437     0.2226     0.6226     1.2251     1.6733     2.7705
10       -0.0010     0.0000     0.0009     0.0145     0.0927     0.2905     0.6078     0.8493     1.5127
11       -0.0010     0.0000     0.0002     0.0052     0.0394     0.1318     0.3022     0.4402     0.8272
12       -0.0010     0.0000     0.0001     0.0018     0.0164     0.0631     0.1507     0.2232     0.4248
13        0.0000     0.0000     0.0000     0.0008     0.0070     0.0302     0.0749     0.1170     0.2347
14        0.0000     0.0000     0.0000     0.0003     0.0031     0.0141     0.0394     0.0608     0.1241
15+       0.0000     0.0000     0.0000     0.0003     0.0027     0.0141     0.0401     0.0663     0.1470

2057

Age        1%         5%         10%        25%        50%        75%        90%        95%        99%    
1       68.5978    70.6483    79.1735   105.0614   168.6939   236.5030   279.6275   307.1136   330.9454
2       -0.0010    39.8588    43.6110    58.0689    96.9076   138.7339   167.1301   181.7413   202.7252
3       -0.0010    13.5595    19.6666    28.2234    48.4817    71.3793    91.2996   100.2296   118.8225
4       -0.0010     2.0979     5.4593    11.0124    20.6484    33.5176    46.4163    53.3261    67.0751
5       -0.0010     0.2141     1.2201     3.7293     8.1740    15.2064    22.6681    27.0566    37.4394
6       -0.0010     0.0219     0.2348     1.2445     3.2718     6.6854    10.7501    13.3563    19.1337
7       -0.0010     0.0021     0.0492     0.4115     1.3149     3.0207     5.1628     6.6344     9.7047
8       -0.0010     0.0007     0.0100     0.1304     0.5274     1.3800     2.5043     3.2897     5.2054
9       -0.0010     0.0001     0.0023     0.0437     0.2265     0.6172     1.2236     1.6790     2.7691
10       -0.0010     0.0000     0.0008     0.0148     0.0921     0.2901     0.6049     0.8437     1.4718
11       -0.0010     0.0000     0.0002     0.0051     0.0388     0.1361     0.3042     0.4314     0.8158
12       -0.0010     0.0000     0.0001     0.0018     0.0167     0.0629     0.1508     0.2268     0.4424
13       -0.0010     0.0000     0.0000     0.0008     0.0070     0.0297     0.0753     0.1169     0.2267
14        0.0000     0.0000     0.0000     0.0003     0.0031     0.0143     0.0381     0.0599     0.1274
15+       0.0000     0.0000     0.0000     0.0003     0.0026     0.0139     0.0402     0.0653     0.1455

2058

Age        1%         5%         10%        25%        50%        75%        90%        95%        99%    
1       68.5918    70.0994    78.5639   103.9411   168.2557   234.9198   279.9762   306.4610   332.4646
2       -0.0010    39.5502    43.8971    59.1467    97.5023   137.0193   166.5564   182.0085   207.6775
3       -0.0010    13.2483    19.4755    27.5896    47.8398    70.9107    91.5134   100.6763   116.6628
4       -0.0010     2.0245     5.4912    11.0170    20.5170    33.5574    46.1692    52.3823    65.0017
5       -0.0010     0.2123     1.2052     3.8467     8.4334    15.1933    22.7258    27.0854    35.8676
6       -0.0010     0.0191     0.2404     1.2202     3.2515     6.7533    10.8505    13.5390    20.0506
7       -0.0010     0.0018     0.0482     0.4017     1.3264     2.9631     5.1987     6.6430     9.8721
8       -0.0010     0.0006     0.0104     0.1336     0.5370     1.3666     2.4837     3.3118     5.2058
9       -0.0010     0.0001     0.0020     0.0439     0.2197     0.6319     1.2315     1.6501     2.8274
10       -0.0010     0.0000     0.0007     0.0151     0.0944     0.2906     0.6047     0.8473     1.4822
11       -0.0010     0.0000     0.0002     0.0051     0.0400     0.1352     0.3011     0.4367     0.7709
12       -0.0010     0.0000     0.0001     0.0018     0.0166     0.0640     0.1509     0.2229     0.4345
13       -0.0010     0.0000     0.0000     0.0008     0.0071     0.0298     0.0760     0.1159     0.2394
14       -0.0010     0.0000     0.0000     0.0003     0.0031     0.0142     0.0381     0.0599     0.1224
15+       0.0000     0.0000     0.0000     0.0003     0.0027     0.0141     0.0395     0.0659     0.1412

2059

Age        1%         5%         10%        25%        50%        75%        90%        95%        99%    
1       68.5775    70.6670    79.3540   104.2712   168.5030   237.3936   280.1341   307.3529   325.3473
2       -0.0010    39.6847    43.7007    58.4029    96.3691   136.3586   166.8471   181.9040   207.7264
3       -0.0010    13.6895    19.5159    27.9514    48.4283    70.9518    91.6990   101.4246   119.5125
4       -0.0010     1.9517     5.3802    10.7437    20.1137    33.3560    46.5156    52.3644    64.6308
5       -0.0010     0.2105     1.2305     3.8043     8.3206    15.3260    22.4282    26.6557    34.4244
6       -0.0010     0.0193     0.2554     1.2444     3.3718     6.7205    10.8534    13.5626    19.4146
7       -0.0010     0.0019     0.0469     0.3900     1.3088     3.0120     5.1377     6.7951    10.6358
8       -0.0010     0.0006     0.0098     0.1311     0.5341     1.3352     2.4949     3.3650     5.2495
9       -0.0010     0.0001     0.0021     0.0442     0.2196     0.6218     1.2145     1.6805     2.7757
10       -0.0010     0.0000     0.0007     0.0152     0.0925     0.2902     0.6057     0.8446     1.5298
11       -0.0010     0.0000     0.0002     0.0052     0.0403     0.1363     0.3015     0.4390     0.8088
12       -0.0010     0.0000     0.0001     0.0018     0.0171     0.0631     0.1498     0.2256     0.4095
13       -0.0010     0.0000     0.0000     0.0008     0.0071     0.0307     0.0750     0.1166     0.2314
14       -0.0010     0.0000     0.0000     0.0003     0.0031     0.0144     0.0375     0.0601     0.1264
15+       0.0000     0.0000     0.0000     0.0003     0.0027     0.0139     0.0400     0.0645     0.1323

2060

Age        1%         5%         10%        25%        50%        75%        90%        95%        99%    
1       68.6107    69.9648    78.7074   104.6746   168.3071   236.7848   282.2576   308.0919   328.9103
2       -0.0010    39.1554    43.5834    58.5339    97.2699   138.5996   166.4942   181.7948   206.5744
3       -0.0010    13.2932    19.5561    27.6147    47.3105    70.3408    91.2050   100.8917   121.5329
4       -0.0010     1.9385     5.4018    10.8155    20.3535    33.3465    46.0443    53.2632    66.8999
5       -0.0010     0.2049     1.1471     3.7446     8.2797    15.1420    22.6228    26.4208    35.2441
6       -0.0010     0.0193     0.2406     1.2360     3.3379     6.7966    10.7023    13.2410    18.3616
7       -0.0010     0.0017     0.0488     0.3966     1.3371     3.0057     5.1910     6.7484    10.2803
8       -0.0010     0.0005     0.0093     0.1287     0.5321     1.3490     2.4691     3.3742     5.7396
9       -0.0010     0.0001     0.0021     0.0440     0.2201     0.6114     1.2161     1.6940     2.8043
10       -0.0010     0.0000     0.0007     0.0151     0.0909     0.2871     0.6004     0.8597     1.4965
11       -0.0010     0.0000     0.0002     0.0051     0.0390     0.1358     0.3018     0.4333     0.8253
12       -0.0010     0.0000     0.0000     0.0018     0.0171     0.0637     0.1496     0.2280     0.4309
13       -0.0010     0.0000     0.0000     0.0008     0.0073     0.0302     0.0763     0.1167     0.2174
14       -0.0010     0.0000     0.0000     0.0003     0.0030     0.0146     0.0379     0.0609     0.1232
15+       0.0000     0.0000     0.0000     0.0003     0.0027     0.0141     0.0401     0.0643     0.1403

2061

Age        1%         5%         10%        25%        50%        75%        90%        95%        99%    
1       68.5613    69.8921    78.5528   103.4726   168.2574   234.6045   279.6074   305.7254   325.4757
2       -0.0010    39.1629    43.1727    58.5286    96.5268   138.0459   167.3816   183.2935   210.1038
3       -0.0010    12.6847    19.2185    27.8880    48.6015    70.9101    91.2217   100.5248   119.9515
4       -0.0010     1.9266     5.3966    10.7300    19.9007    33.2715    46.0467    52.7863    66.2582
5       -0.0010     0.2024     1.1631     3.7782     8.2405    15.1229    22.3148    26.7041    35.8203
6       -0.0010     0.0177     0.2257     1.2369     3.2954     6.6977    10.8275    13.1815    18.8735
7       -0.0010     0.0021     0.0451     0.4045     1.3379     3.0220     5.0707     6.6551     9.9097
8       -0.0010     0.0005     0.0090     0.1316     0.5417     1.3528     2.4839     3.3877     5.5979
9       -0.0010     0.0001     0.0019     0.0430     0.2181     0.6183     1.2177     1.7012     3.0034
10       -0.0010     0.0000     0.0007     0.0150     0.0922     0.2824     0.5995     0.8635     1.5226
11       -0.0010     0.0000     0.0002     0.0051     0.0387     0.1342     0.2998     0.4386     0.8202
12       -0.0010     0.0000     0.0000     0.0018     0.0166     0.0648     0.1513     0.2259     0.4482
13       -0.0010     0.0000     0.0000     0.0008     0.0073     0.0299     0.0745     0.1164     0.2303
14       -0.0010     0.0000     0.0000     0.0003     0.0032     0.0143     0.0388     0.0610     0.1197
15+       0.0000     0.0000     0.0000     0.0003     0.0026     0.0142     0.0395     0.0638     0.1458

2062

Age        1%         5%         10%        25%        50%        75%        90%        95%        99%    
1       68.5922    70.1406    78.9227   105.2284   168.8085   238.1963   280.0747   305.6040   348.8015
2       -0.0010    38.8464    43.3626    57.8125    96.3607   136.7422   166.1169   180.8123   205.4067
3       -0.0010    12.0148    19.1564    27.8969    47.2529    70.8789    91.4337   101.1828   121.4641
4       -0.0010     1.6453     5.1804    10.8739    20.5895    33.4583    45.7977    52.2255    66.6976
5       -0.0010     0.1697     1.1258     3.7536     8.1091    14.8920    22.3504    26.7592    36.2650
6       -0.0010     0.0147     0.2289     1.2206     3.3098     6.7263    10.6913    13.2923    19.0341
7       -0.0010     0.0013     0.0434     0.3996     1.3012     2.9591     5.1563     6.5271     9.9711
8       -0.0010     0.0006     0.0088     0.1318     0.5399     1.3470     2.4674     3.3226     5.2872
9       -0.0010     0.0001     0.0018     0.0442     0.2230     0.6147     1.2199     1.7013     3.0115
10       -0.0010     0.0000     0.0007     0.0148     0.0915     0.2882     0.6015     0.8686     1.6188
11       -0.0010     0.0000     0.0002     0.0052     0.0382     0.1310     0.2983     0.4456     0.8058
12       -0.0010     0.0000     0.0000     0.0018     0.0165     0.0627     0.1507     0.2273     0.4434
13       -0.0010     0.0000     0.0000     0.0008     0.0071     0.0304     0.0760     0.1160     0.2312
14       -0.0010     0.0000     0.0000     0.0003     0.0032     0.0143     0.0375     0.0608     0.1246
15+       0.0000     0.0000     0.0000     0.0003     0.0027     0.0142     0.0397     0.0635     0.1359

2063

Age        1%         5%         10%        25%        50%        75%        90%        95%        99%    
1       68.6157    70.0244    79.0839   104.0347   168.4105   236.0638   278.3828   306.3179   325.4468
2       -0.0010    38.9477    43.2775    58.8080    97.6377   139.2715   166.7460   181.2874   211.4564
3       -0.0010    11.7773    19.1066    27.5637    47.6232    70.0447    90.6256   100.2432   119.0928
4       -0.0010     1.4303     5.3157    10.8710    19.9625    33.3317    45.9065    53.0276    68.3297
5       -0.0010     0.1301     1.1530     3.7896     8.3056    15.1829    22.2299    26.6302    35.9035
6       -0.0010     0.0115     0.2240     1.2564     3.2477     6.5710    10.5813    13.3471    18.8135
7       -0.0010     0.0010     0.0443     0.3974     1.3234     2.9900     5.0957     6.5884    10.1420
8       -0.0010     0.0004     0.0086     0.1297     0.5238     1.3315     2.4756     3.2614     5.2644
9       -0.0010     0.0001     0.0018     0.0439     0.2275     0.6146     1.2055     1.6549     2.7746
10       -0.0010     0.0000     0.0006     0.0151     0.0932     0.2825     0.6068     0.8604     1.6305
11       -0.0010     0.0000     0.0002     0.0051     0.0385     0.1362     0.3030     0.4428     0.8643
12       -0.0010     0.0000     0.0000     0.0019     0.0165     0.0614     0.1491     0.2250     0.4460
13       -0.0010     0.0000     0.0000     0.0008     0.0071     0.0297     0.0756     0.1162     0.2403
14       -0.0010     0.0000     0.0000     0.0003     0.0031     0.0143     0.0386     0.0602     0.1239
15+       0.0000     0.0000     0.0000     0.0003     0.0027     0.0143     0.0395     0.0632     0.1344

2064

Age        1%         5%         10%        25%        50%        75%        90%        95%        99%    
1       68.6050    70.7858    78.9352   105.2023   168.4050   237.7162   282.6395   307.3459   325.0101
2       -0.0010    38.7215    43.4685    58.1422    96.5564   136.6824   165.8630   180.9173   205.3240
3       -0.0010    11.9013    19.1415    28.0262    48.5160    71.9499    90.9536   100.3508   122.4053
4       -0.0010     1.3981     5.1992    10.8745    19.9977    32.9082    45.5736    52.1653    65.3684
5       -0.0010     0.1213     1.1366     3.7521     8.0809    15.0003    22.2653    26.9306    36.6829
6       -0.0010     0.0097     0.2238     1.2607     3.2711     6.7229    10.5972    13.2943    19.1077
7       -0.0010     0.0010     0.0425     0.4081     1.2905     2.8905     5.0653     6.6270     9.9147
8       -0.0010     0.0004     0.0090     0.1305     0.5343     1.3364     2.4394     3.3078     5.3967
9       -0.0010     0.0001     0.0018     0.0439     0.2161     0.6071     1.2081     1.6491     2.8215
10       -0.0010     0.0000     0.0006     0.0149     0.0932     0.2852     0.5983     0.8574     1.4757
11       -0.0010     0.0000     0.0002     0.0053     0.0394     0.1315     0.2989     0.4461     0.8602
12       -0.0010     0.0000     0.0000     0.0018     0.0161     0.0637     0.1511     0.2268     0.4631
13       -0.0010     0.0000     0.0000     0.0008     0.0071     0.0289     0.0753     0.1169     0.2379
14       -0.0010     0.0000     0.0000     0.0003     0.0030     0.0143     0.0378     0.0601     0.1311
15+       0.0000     0.0000     0.0000     0.0003     0.0027     0.0142     0.0392     0.0635     0.1359

2065

Age        1%         5%         10%        25%        50%        75%        90%        95%        99%    
1       68.5753    70.2048    78.6542   104.3356   168.6252   236.8132   280.2591   306.1170   337.0912
2       -0.0010    38.6833    43.2272    58.6369    96.7668   138.8631   167.1945   181.7834   204.0231
3       -0.0010    12.4057    19.2120    27.3042    47.5286    70.1609    90.9052   100.3761   119.1573
4       -0.0010     1.3871     5.2998    10.9420    20.4619    33.7950    45.6598    52.4019    67.3326
5       -0.0010     0.1070     1.1553     3.8088     8.0854    14.8971    22.1180    26.5025    35.4863
6       -0.0010     0.0091     0.2320     1.2368     3.2275     6.6407    10.5950    13.4277    19.3896
7       -0.0010     0.0010     0.0446     0.4105     1.2997     2.9965     5.0826     6.5966     9.9940
8       -0.0010     0.0004     0.0087     0.1323     0.5269     1.3003     2.4434     3.3328     5.2741
9       -0.0010     0.0001     0.0019     0.0440     0.2187     0.6154     1.1901     1.6641     2.8577
10       -0.0010     0.0000     0.0007     0.0151     0.0905     0.2812     0.5982     0.8426     1.4908
11       -0.0010     0.0000     0.0002     0.0054     0.0394     0.1337     0.2995     0.4387     0.7869
12       -0.0010     0.0000     0.0000     0.0019     0.0168     0.0622     0.1493     0.2298     0.4576
13       -0.0010     0.0000     0.0000     0.0008     0.0069     0.0302     0.0749     0.1160     0.2521
14       -0.0010     0.0000     0.0000     0.0003     0.0030     0.0136     0.0377     0.0614     0.1290
15+       0.0000     0.0000     0.0000     0.0003     0.0027     0.0141     0.0385     0.0649     0.1380

2066

Age        1%         5%         10%        25%        50%        75%        90%        95%        99%    
1       68.6108    70.7272    78.8672   104.4912   168.7002   238.8525   279.5046   307.0863   325.6642
2       -0.0010    38.4023    43.0027    58.0506    97.1216   137.9144   166.7380   181.0680   209.9219
3       -0.0010    11.4147    19.1121    27.8191    47.8173    71.1252    91.2825   101.3967   119.2087
4       -0.0010     1.4407     5.2507    10.6748    20.0269    32.8675    45.7372    52.1762    65.9004
5       -0.0010     0.1215     1.1700     3.7511     8.2550    15.2737    22.2780    26.5662    36.7967
6       -0.0010     0.0088     0.2367     1.2487     3.2041     6.6434    10.4724    13.0770    19.3558
7       -0.0010     0.0010     0.0439     0.3965     1.2838     2.9737     5.0678     6.7107    10.1048
8       -0.0010     0.0003     0.0093     0.1324     0.5273     1.3326     2.4763     3.3559     5.3497
9       -0.0010     0.0000     0.0019     0.0436     0.2131     0.5980     1.1980     1.6641     2.7858
10       -0.0010     0.0000     0.0007     0.0150     0.0907     0.2872     0.5844     0.8521     1.5362
11       -0.0010     0.0000     0.0002     0.0052     0.0379     0.1295     0.2999     0.4348     0.8091
12       -0.0010     0.0000     0.0000     0.0019     0.0167     0.0627     0.1480     0.2277     0.4148
13       -0.0010     0.0000     0.0000     0.0008     0.0072     0.0294     0.0745     0.1182     0.2378
14       -0.0010     0.0000     0.0000     0.0003     0.0030     0.0144     0.0373     0.0597     0.1308
15+       0.0000     0.0000     0.0000     0.0003     0.0027     0.0140     0.0392     0.0645     0.1420

2067

Age        1%         5%         10%        25%        50%        75%        90%        95%        99%    
1       68.6023    70.5185    79.1584   104.1479   168.5288   233.7955   278.0959   305.9650   324.3215
2       -0.0010    38.2617    43.0680    58.4028    96.9895   139.5644   167.4221   181.9983   204.8123
3       -0.0010    10.3317    18.9842    27.5351    47.7089    71.2046    91.0045   100.6662   123.2715
4       -0.0010     1.2266     5.1529    10.7853    20.1810    33.4434    46.0942    53.0549    65.4076
5       -0.0010     0.1067     1.0988     3.7414     8.1265    14.9794    22.2300    26.5350    35.6971
6       -0.0010     0.0079     0.2159     1.2199     3.3015     6.7641    10.6310    13.1661    19.1374
7       -0.0010     0.0010     0.0445     0.3989     1.2897     2.9356     4.9955     6.5390    10.0602
8       -0.0010     0.0003     0.0079     0.1283     0.5223     1.3414     2.4808     3.3361     5.3982
9       -0.0010     0.0000     0.0018     0.0444     0.2152     0.6112     1.2263     1.6844     2.7883
10       -0.0010     0.0000     0.0007     0.0148     0.0901     0.2801     0.5888     0.8445     1.4523
11       -0.0010     0.0000     0.0002     0.0051     0.0381     0.1343     0.2890     0.4413     0.8130
12       -0.0010     0.0000     0.0000     0.0018     0.0163     0.0609     0.1480     0.2210     0.4391
13       -0.0010     0.0000     0.0000     0.0008     0.0071     0.0295     0.0736     0.1172     0.2240
14       -0.0010     0.0000     0.0000     0.0003     0.0032     0.0139     0.0373     0.0611     0.1302
15+       0.0000     0.0000     0.0000     0.0003     0.0027     0.0140     0.0393     0.0637     0.1474

2068

Age        1%         5%         10%        25%        50%        75%        90%        95%        99%    
1       68.6295    70.1755    78.3019   102.9845   168.3523   235.5599   281.0384   306.6672   325.3028
2       -0.0010    38.2858    43.3371    58.0718    96.3998   136.6238   166.3937   181.6872   203.0048
3       -0.0010    10.2328    18.7161    27.5562    47.6086    71.4572    91.7943   101.4639   119.5691
4       -0.0010     1.0267     5.1146    10.8298    20.2628    33.3284    46.0586    52.7421    67.7552
5       -0.0010     0.0918     1.0925     3.7230     8.1912    15.1743    22.3299    26.9355    35.4182
6       -0.0010     0.0060     0.2098     1.2014     3.2246     6.6446    10.6250    13.1841    18.6202
7       -0.0010     0.0010     0.0401     0.3935     1.3117     3.0047     5.1541     6.5416    10.2148
8       -0.0010     0.0003     0.0078     0.1295     0.5269     1.3136     2.4034     3.3047     5.3081
9       -0.0010     0.0000     0.0017     0.0422     0.2171     0.6066     1.2145     1.6800     2.9092
10       -0.0010     0.0000     0.0007     0.0153     0.0893     0.2829     0.5951     0.8551     1.4781
11       -0.0010     0.0000     0.0002     0.0050     0.0373     0.1326     0.2927     0.4371     0.7766
12       -0.0010     0.0000     0.0000     0.0018     0.0163     0.0636     0.1440     0.2270     0.4323
13       -0.0010     0.0000     0.0000     0.0008     0.0069     0.0291     0.0747     0.1138     0.2401
14       -0.0010     0.0000     0.0000     0.0003     0.0030     0.0140     0.0371     0.0613     0.1198
15+       0.0000     0.0000     0.0000     0.0003     0.0027     0.0136     0.0395     0.0653     0.1436

2069

Age        1%         5%         10%        25%        50%        75%        90%        95%        99%    
1       68.6020    70.2949    79.1967   104.7406   168.4157   237.2824   278.5594   307.1837   325.2972
2       -0.0010    38.0875    42.8137    56.9596    95.8552   136.3024   167.0480   182.3140   205.9744
3       -0.0010    10.9704    18.8067    27.7544    47.2327    69.6842    90.9056   100.2955   116.9115
4       -0.0010     1.1012     4.9028    10.6330    20.1795    33.4202    46.3779    53.2077    66.2514
5       -0.0010     0.0654     1.0342     3.7128     8.2385    15.0605    22.4284    26.7252    37.2420
6       -0.0010     0.0045     0.2038     1.2038     3.2956     6.6901    10.6072    13.3646    18.8307
7       -0.0010     0.0010     0.0408     0.3909     1.2796     2.9700     5.0799     6.5447     9.9232
8       -0.0010     0.0002     0.0079     0.1271     0.5310     1.3398     2.4742     3.2703     5.3867
9       -0.0010     0.0000     0.0017     0.0423     0.2157     0.5983     1.1778     1.6682     2.7941
10       -0.0010     0.0000     0.0006     0.0145     0.0905     0.2776     0.5948     0.8495     1.5175
11       -0.0010     0.0000     0.0002     0.0052     0.0374     0.1333     0.2956     0.4371     0.8039
12       -0.0010     0.0000     0.0001     0.0018     0.0156     0.0626     0.1467     0.2226     0.4192
13       -0.0010     0.0000     0.0000     0.0008     0.0069     0.0298     0.0721     0.1164     0.2348
14       -0.0010     0.0000     0.0000     0.0003     0.0030     0.0137     0.0370     0.0592     0.1316
15+       0.0000     0.0000     0.0000     0.0003     0.0027     0.0138     0.0394     0.0650     0.1380

2070

Age        1%         5%         10%        25%        50%        75%        90%        95%        99%    
1       68.6103    70.9120    79.3993   105.0032   168.4824   235.6580   279.9660   306.0491   329.1499
2       -0.0010    37.3709    42.8607    58.0970    96.6234   137.9061   166.6300   181.7373   203.3708
3       -0.0010    10.7406    18.6391    26.9199    46.6646    70.1819    91.3106   100.5849   119.9704
4       -0.0010     1.0471     5.0652    10.6278    19.6569    33.0297    45.8940    52.1239    65.4443
5       -0.0010     0.0674     1.0291     3.6454     8.1547    15.1222    22.7289    27.0200    36.0467
6       -0.0010     0.0038     0.2031     1.1746     3.2551     6.6617    10.7009    13.2212    19.8395
7       -0.0010     0.0010     0.0367     0.3870     1.3198     2.9740     5.0783     6.6488     9.9649
8       -0.0010     0.0001     0.0077     0.1276     0.5114     1.3369     2.4695     3.2755     5.2573
9       -0.0010     0.0000     0.0017     0.0425     0.2160     0.6170     1.2033     1.6762     2.7950
10       -0.0010     0.0000     0.0007     0.0148     0.0899     0.2776     0.5846     0.8401     1.4896
11       -0.0010     0.0000     0.0002     0.0051     0.0381     0.1315     0.2983     0.4345     0.8250
12       -0.0010     0.0000     0.0000     0.0019     0.0159     0.0629     0.1484     0.2231     0.4219
13       -0.0010     0.0000     0.0000     0.0007     0.0067     0.0295     0.0730     0.1152     0.2230
14       -0.0010     0.0000     0.0000     0.0003     0.0030     0.0139     0.0359     0.0601     0.1252
15+       0.0000     0.0000     0.0000     0.0003     0.0026     0.0136     0.0391     0.0648     0.1402

2071

Age        1%         5%         10%        25%        50%        75%        90%        95%        99%    
1       68.6157    70.7704    78.5800   103.7919   168.2959   235.7514   278.5095   305.7732   335.3010
2       -0.0010    37.9191    43.0389    58.0100    96.8153   137.4796   166.4688   181.7496   208.7874
3       -0.0010     9.3027    18.4094    27.5194    47.3522    71.0894    90.9458   100.8395   119.8373
4       -0.0010     0.9608     4.9037    10.4760    19.5355    33.1291    45.7321    52.5024    67.2521
5       -0.0010     0.0702     1.0521     3.5969     7.9902    14.9224    22.3113    26.5008    35.4684
6       -0.0010     0.0039     0.1747     1.1686     3.2646     6.6634    10.8749    13.5163    19.0583
7       -0.0010     0.0010     0.0382     0.3750     1.2908     2.9508     5.0981     6.6173    10.4881
8       -0.0010     0.0001     0.0075     0.1260     0.5313     1.3337     2.4806     3.3112     5.3538
9       -0.0010     0.0000     0.0016     0.0414     0.2081     0.6049     1.2054     1.6358     2.8104
10       -0.0010     0.0000     0.0006     0.0143     0.0892     0.2861     0.5936     0.8626     1.5102
11       -0.0010     0.0000     0.0002     0.0051     0.0373     0.1312     0.2884     0.4307     0.8212
12       -0.0010     0.0000     0.0000     0.0018     0.0157     0.0621     0.1468     0.2242     0.4353
13       -0.0010     0.0000     0.0000     0.0008     0.0068     0.0299     0.0739     0.1142     0.2237
14       -0.0010     0.0000     0.0000     0.0003     0.0028     0.0140     0.0369     0.0598     0.1205
15+       0.0000     0.0000     0.0000     0.0003     0.0025     0.0138     0.0395     0.0624     0.1411

2072

Age        1%         5%         10%        25%        50%        75%        90%        95%        99%    
1       68.5514    70.4070    78.7459   104.9901   168.7456   238.1175   281.1228   306.7292   325.6668
2       -0.0010    37.4776    42.6108    57.2876    96.3202   137.5390   166.5701   180.4991   208.3818
3       -0.0010     9.6204    18.6000    27.2349    47.5377    70.6159    90.9575   100.6257   122.6048
4       -0.0010     0.7355     4.7925    10.5541    19.9010    33.3313    46.0023    52.4286    66.1559
5       -0.0010     0.0465     0.9886     3.5860     7.8242    14.9687    22.2564    26.6943    36.2494
6       -0.0010     0.0025     0.1785     1.1616     3.1838     6.6219    10.6232    13.1314    18.9620
7       -0.0010     0.0010     0.0324     0.3689     1.3064     2.9369     5.1954     6.7342    10.2701
8       -0.0010     0.0001     0.0066     0.1207     0.5154     1.3157     2.4503     3.3089     5.6882
9       -0.0010     0.0000     0.0015     0.0406     0.2147     0.6106     1.2003     1.6696     2.8645
10       -0.0010     0.0000     0.0006     0.0139     0.0864     0.2810     0.5884     0.8316     1.5245
11       -0.0010     0.0000     0.0001     0.0049     0.0373     0.1343     0.2929     0.4422     0.8279
12       -0.0010     0.0000     0.0000     0.0018     0.0156     0.0616     0.1427     0.2222     0.4457
13       -0.0010     0.0000     0.0000     0.0007     0.0066     0.0295     0.0733     0.1149     0.2331
14       -0.0010     0.0000     0.0000     0.0003     0.0029     0.0143     0.0366     0.0590     0.1209
15+       0.0000     0.0000     0.0000     0.0003     0.0024     0.0137     0.0389     0.0635     0.1300

2073

Age        1%         5%         10%        25%        50%        75%        90%        95%        99%    
1       68.5633    69.8680    78.1858   103.7078   168.3326   236.5876   279.2588   306.9121   325.4118
2       -0.0010    37.5001    42.7498    58.0713    97.0547   138.1499   167.1547   181.9264   207.4179
3       -0.0010     8.9654    18.3358    27.0020    47.0930    70.7878    90.6020   100.3675   121.2301
4       -0.0010     0.8031     4.7238    10.5189    19.9279    33.1227    45.6711    52.8906    68.1572
5       -0.0010     0.0362     1.0007     3.6319     8.0147    15.1870    22.2595    26.7730    36.3532
6       -0.0010     0.0019     0.1877     1.1516     3.1440     6.5952    10.5923    13.2456    19.3558
7       -0.0010     0.0007     0.0329     0.3762     1.2635     2.9151     5.0760     6.6866    10.0747
8       -0.0010     0.0001     0.0063     0.1199     0.5222     1.3276     2.4911     3.3728     5.5080
9       -0.0010     0.0000     0.0013     0.0395     0.2128     0.6056     1.1884     1.6617     3.0050
10       -0.0010     0.0000     0.0005     0.0141     0.0889     0.2805     0.5946     0.8593     1.5551
11       -0.0010     0.0000     0.0001     0.0048     0.0365     0.1303     0.2932     0.4268     0.8229
12       -0.0010     0.0000     0.0000     0.0017     0.0159     0.0629     0.1463     0.2277     0.4506
13       -0.0010     0.0000     0.0000     0.0007     0.0066     0.0289     0.0718     0.1154     0.2313
14       -0.0010     0.0000     0.0000     0.0003     0.0028     0.0139     0.0372     0.0596     0.1292
15+       0.0000     0.0000     0.0000     0.0003     0.0025     0.0137     0.0394     0.0635     0.1329

2074

Age        1%         5%         10%        25%        50%        75%        90%        95%        99%    
1       68.6392    71.0559    79.3411   105.8605   168.6234   237.8782   280.0515   307.0865   325.9357
2       -0.0010    37.1939    42.4263    57.2946    96.2885   137.0151   167.0910   181.5939   203.9857
3       -0.0010     8.6996    18.5071    27.4165    47.5782    71.3030    91.3776   100.9060   119.6244
4       -0.0010     0.7187     4.6420    10.3740    19.8913    33.3537    45.8805    52.2713    67.1981
5       -0.0010     0.0440     0.9303     3.6246     8.0471    15.0192    22.2954    26.8779    36.8356
6       -0.0010     0.0019     0.1639     1.1687     3.1840     6.6869    10.5526    13.2639    19.2020
7       -0.0010     0.0005     0.0318     0.3695     1.2370     2.8926     5.0945     6.6272    10.6296
8       -0.0010     0.0001     0.0060     0.1182     0.5032     1.2979     2.4819     3.3717     5.3523
9       -0.0010     0.0000     0.0011     0.0398     0.2105     0.6060     1.2221     1.7077     3.0414
10       -0.0010     0.0000     0.0004     0.0134     0.0894     0.2804     0.5855     0.8662     1.6479
11       -0.0010     0.0000     0.0001     0.0047     0.0367     0.1293     0.2946     0.4371     0.8588
12       -0.0010     0.0000     0.0000     0.0017     0.0154     0.0613     0.1464     0.2189     0.4522
13       -0.0010     0.0000     0.0000     0.0007     0.0068     0.0293     0.0736     0.1174     0.2382
14       -0.0010     0.0000     0.0000     0.0003     0.0029     0.0136     0.0362     0.0597     0.1279
15+       0.0000     0.0000     0.0000     0.0003     0.0025     0.0138     0.0389     0.0640     0.1426

2075

Age        1%         5%         10%        25%        50%        75%        90%        95%        99%    
1       68.6016    70.6187    78.8384   104.1724   168.4814   237.0858   277.2371   303.5324   324.7657
2       -0.0010    37.3038    42.9099    58.2152    96.8022   138.3006   167.0973   181.7607   206.2556
3       -0.0010     7.7913    18.2118    27.1164    47.2758    70.3127    91.2606   100.6880   118.4993
4       -0.0010     0.5504     4.6909    10.4857    19.9430    33.6490    46.2689    52.8175    65.4907
5       -0.0010     0.0236     0.8888     3.4866     7.9925    15.1013    22.4209    26.5581    36.1387
6       -0.0010     0.0016     0.1589     1.1489     3.2137     6.6341    10.7514    13.4701    19.5438
7       -0.0010     0.0003     0.0284     0.3601     1.2645     2.9693     5.0507     6.6540    10.1672
8       -0.0010     0.0000     0.0055     0.1180     0.5015     1.2935     2.4747     3.3341     5.7218
9       -0.0010     0.0000     0.0011     0.0390     0.2088     0.5953     1.2155     1.7024     2.8539
10       -0.0010     0.0000     0.0004     0.0130     0.0878     0.2835     0.6024     0.8772     1.6462
11       -0.0010     0.0000     0.0001     0.0046     0.0373     0.1302     0.2902     0.4458     0.8947
12       -0.0010     0.0000     0.0000     0.0016     0.0153     0.0608     0.1485     0.2270     0.4712
13       -0.0010     0.0000     0.0000     0.0007     0.0064     0.0287     0.0741     0.1127     0.2454
14       -0.0010     0.0000     0.0000     0.0003     0.0030     0.0140     0.0369     0.0606     0.1288
15+       0.0000     0.0000     0.0000     0.0003     0.0025     0.0136     0.0384     0.0639     0.1350

Probability Spawning Stock Biomass Exceeds Threshold      3.660 (1000 MT)

Year    Probability

2021    0.056700
2022    0.665600
2023    0.943200
2024    0.918500
2025    0.850700
2026    0.776900
2027    0.708900
2028    0.663000
2029    0.627600
2030    0.594300
2031    0.574500
2032    0.554800
2033    0.538200
2034    0.528800
2035    0.517200
2036    0.516900
2037    0.510100
2038    0.499300
2039    0.498600
2040    0.493500
2041    0.497400
2042    0.494400
2043    0.490200
2044    0.492200
2045    0.486400
2046    0.484300
2047    0.483200
2048    0.481700
2049    0.487000
2050    0.488900
2051    0.486100
2052    0.487800
2053    0.488800
2054    0.480800
2055    0.484700
2056    0.487900
2057    0.486600
2058    0.483800
2059    0.482300
2060    0.482900
2061    0.480800
2062    0.478700
2063    0.477300
2064    0.483200
2065    0.476500
2066    0.479600
2067    0.477600
2068    0.477100
2069    0.478700
2070    0.472300
2071    0.473500
2072    0.471200
2073    0.476000
2074    0.474800
2075    0.477300

Probability Threshold Exceeded at Least Once =     0.9975

Probability Total Fishing Mortality Exceeds Threshold     0.8413 

Year    Probability

2021    0.008400
2022    0.000000
2023    0.000300
2024    0.007300
2025    0.042200
2026    0.080400
2027    0.119500
2028    0.155300
2029    0.180500
2030    0.206800
2031    0.224500
2032    0.237400
2033    0.250900
2034    0.261900
2035    0.267800
2036    0.273100
2037    0.280000
2038    0.281300
2039    0.285100
2040    0.287400
2041    0.284900
2042    0.288700
2043    0.292500
2044    0.293200
2045    0.294500
2046    0.296100
2047    0.298100
2048    0.295200
2049    0.297700
2050    0.294500
2051    0.292100
2052    0.292300
2053    0.291800
2054    0.291800
2055    0.289900
2056    0.288100
2057    0.289100
2058    0.286500
2059    0.285900
2060    0.288200
2061    0.284700
2062    0.283700
2063    0.285400
2064    0.285300
2065    0.283800
2066    0.282800
2067    0.279200
2068    0.286000
2069    0.285800
2070    0.285500
2071    0.286900
2072    0.288100
2073    0.288300
2074    0.283000
2075    0.280300

Probability Threshold Exceeded at Least Once =     0.9340


Requested Percentile Report

Percentile =    40.00 %

                                 2021       2022       2023       2024       2025       2026       2027       2028       2029       2030       2031       2032       2033       2034       2035       2036       2037       2038       2039       2040       2041       2042       2043       2044       2045       2046       2047       2048       2049       2050       2051       2052       2053       2054       2055       2056       2057       2058       2059       2060       2061       2062       2063       2064       2065       2066       2067       2068       2069       2070       2071       2072       2073       2074       2075 

Recruits                     142.9768   141.6524   148.8281   146.7948   145.3960   148.6697   142.6559   146.2144   145.6603   148.3706   150.9403   144.9505   146.8875   146.7361   145.7179   145.5366   144.8614   147.1881   144.7816   144.1268   147.9732   146.2084   144.4317   143.2581   143.1073   144.1449   144.3394   146.2425   145.0171   148.1793   141.8146   142.3873   147.4581   145.0227   143.7939   146.7474   142.4510   145.4489   142.8182   140.6472   149.1804   143.7350   144.2756   145.3512   145.9736   145.2767   139.6100   143.5524   145.7625   141.9575   147.5173   142.6312   147.0802   145.1742   144.8220 
Spawning Stock Biomass         2.5101     3.7845     5.1598     5.2677     4.9450     4.5347     4.1996     3.9809     3.8006     3.6300     3.5302     3.4304     3.3619     3.2986     3.2750     3.2399     3.2050     3.1790     3.1418     3.1292     3.1617     3.1308     3.1078     3.0939     3.0712     3.0655     3.0674     3.0626     3.0604     3.0743     3.0704     3.0486     3.0509     3.0350     3.0428     3.0766     3.0500     3.0541     3.0592     3.0267     3.0620     3.0432     3.0205     3.0548     3.0527     3.0366     3.0521     3.0394     2.9928     3.0013     2.9991     2.9926     2.9804     3.0068     3.0087 
Jan-1 Stock Biomass            8.8077     9.9372    10.7361    11.1481    10.9350    10.4546    10.0841     9.7821     9.5505     9.3492     9.2538     9.0724     9.0042     8.9146     8.8789     8.8063     8.7967     8.7523     8.7278     8.7246     8.7215     8.7047     8.6773     8.6611     8.6175     8.6013     8.6282     8.6206     8.6316     8.5874     8.6071     8.5921     8.5808     8.6499     8.6234     8.6177     8.6151     8.5704     8.5875     8.5762     8.5600     8.5743     8.5913     8.5794     8.5668     8.6066     8.5465     8.5178     8.5266     8.5076     8.4680     8.5069     8.5077     8.5129     8.5293 
Mean Biomass                   8.5423     9.4592    10.0122    10.0733     9.6764     9.2734     8.9027     8.6536     8.4387     8.2661     8.1701     8.0568     7.9565     7.8967     7.8483     7.7872     7.8014     7.7343     7.7355     7.7158     7.6749     7.6823     7.6363     7.6553     7.6288     7.6197     7.6234     7.6080     7.6260     7.6028     7.5787     7.5784     7.5538     7.6201     7.6073     7.5849     7.5902     7.5465     7.5803     7.5824     7.5650     7.5617     7.5636     7.5508     7.5605     7.5800     7.5270     7.5193     7.4926     7.4822     7.4430     7.5072     7.5082     7.5379     7.5393 
Combined Catch Biomass         1.5398     1.4739     1.6854     2.1567     2.4000     2.4000     2.4000     2.4000     2.4000     2.4000     2.4000     2.4000     2.4000     2.4000     2.4000     2.4000     2.4000     2.4000     2.4000     2.4000     2.4000     2.4000     2.4000     2.4000     2.4000     2.4000     2.4000     2.4000     2.4000     2.4000     2.4000     2.4000     2.4000     2.4000     2.4000     2.4000     2.4000     2.4000     2.4000     2.4000     2.4000     2.4000     2.4000     2.4000     2.4000     2.4000     2.4000     2.4000     2.4000     2.4000     2.4000     2.4000     2.4000     2.4000     2.4000 
Landings                       1.5398     1.4739     1.6854     2.1567     2.4000     2.4000     2.4000     2.4000     2.4000     2.4000     2.4000     2.4000     2.4000     2.4000     2.4000     2.4000     2.4000     2.4000     2.4000     2.4000     2.4000     2.4000     2.4000     2.4000     2.4000     2.4000     2.4000     2.4000     2.4000     2.4000     2.4000     2.4000     2.4000     2.4000     2.4000     2.4000     2.4000     2.4000     2.4000     2.4000     2.4000     2.4000     2.4000     2.4000     2.4000     2.4000     2.4000     2.4000     2.4000     2.4000     2.4000     2.4000     2.4000     2.4000     2.4000 
FMort                          0.5046     0.3493     0.3501     0.3792     0.4174     0.4408     0.4623     0.4804     0.4974     0.5136     0.5254     0.5329     0.5401     0.5456     0.5479     0.5501     0.5568     0.5617     0.5619     0.5602     0.5656     0.5653     0.5654     0.5686     0.5651     0.5704     0.5729     0.5712     0.5685     0.5696     0.5681     0.5671     0.5666     0.5686     0.5694     0.5670     0.5669     0.5699     0.5710     0.5727     0.5697     0.5716     0.5748     0.5744     0.5721     0.5735     0.5738     0.5720     0.5703     0.5734     0.5771     0.5785     0.5747     0.5715     0.5723 

Stock Numbers at Age
Age 1                        244.9740   142.9768   141.6524   148.8281   146.7948   145.3960   148.6697   142.6559   146.2144   145.6603   148.3706   150.9403   144.9505   146.8875   146.7361   145.7179   145.5366   144.8614   147.1881   144.7816   144.1268   147.9732   146.2084   144.4317   143.2581   143.1073   144.1449   144.3394   146.2425   145.0171   148.1793   141.8146   142.3873   147.4581   145.0227   143.7939   146.7474   142.4510   145.4489   142.8182   140.6472   149.1804   143.7350   144.2756   145.3512   145.9736   145.2767   139.6100   143.5524   145.7625   141.9575   147.5173   142.6312   147.0802   145.1742 
Age 2                         93.8626   145.6657    85.9464    86.3502    87.9442    87.4244    86.4355    88.1521    83.4255    85.0658    84.8809    85.5093    87.3150    84.3505    84.3270    84.2735    83.7691    83.7161    82.9443    84.2862    83.2674    81.9319    84.6140    82.9724    82.1050    81.4387    80.8382    81.1311    81.5917    82.1260    82.1291    82.4022    79.3375    79.8098    82.2259    81.3100    79.4963    80.5799    78.7021    81.2220    78.6425    77.2119    82.0560    78.0656    78.8555    79.2919    78.8063    78.1895    75.5563    77.7937    79.5641    77.2348    79.1539    77.0936    79.4336 
Age 3                         51.2273    51.0121    83.3268    49.5935    47.0967    46.5083    45.5013    44.0966    43.9674    41.8424    41.6876    41.8542    41.3689    41.8221    40.6986    40.6832    40.5337    39.7495    39.7649    39.4437    40.0435    39.6791    39.1928    40.1883    39.5882    39.2007    38.8087    38.7145    38.6538    39.1827    38.8179    39.0734    38.7553    38.0429    38.1729    39.2340    38.8397    38.2091    38.3352    38.0639    38.3811    38.0497    37.6068    38.9031    37.6721    38.0298    38.4585    37.8177    37.5053    36.9816    37.9766    38.0398    37.4083    37.9964    37.6810 
Age 4                          9.1703    24.9655    27.5506    45.4821    25.0997    22.1819    21.1241    20.2693    19.6049    19.1114    18.0505    17.7409    17.8559    17.3920    17.5797    17.0510    17.0965    16.6689    16.5372    16.6256    16.5853    16.5784    16.3507    16.3382    16.4917    16.4403    16.2505    16.0901    16.1273    16.1031    16.0290    16.1718    16.0347    15.9512    15.8301    15.7982    16.4156    16.0964    15.9178    16.0609    15.7447    16.1059    15.7868    15.8599    15.9937    15.6963    15.8815    16.0039    15.7990    15.4745    15.2321    15.6598    15.7245    15.3355    15.5928 
Age 5                          2.4696     4.2411    13.0485    14.5869    22.6180    11.3260     9.8638     9.1085     8.6110     8.2089     7.8783     7.3728     7.1993     7.2258     6.9929     6.9619     6.7539     6.7109     6.5756     6.5215     6.5189     6.5389     6.5400     6.4223     6.3361     6.3964     6.3344     6.3298     6.2923     6.2362     6.3109     6.2752     6.3479     6.3009     6.2870     6.1910     6.2038     6.3660     6.2936     6.2254     6.2987     6.1147     6.3315     6.1561     6.1462     6.2419     6.0836     6.2895     6.2059     6.1720     6.0302     5.9718     6.0514     6.1135     5.9690 
Age 6                          0.8492     1.1140     2.1396     6.7298     7.1623    10.3751     4.9906     4.2283     3.8026     3.5746     3.3261     3.1527     2.9447     2.8608     2.7923     2.7367     2.7124     2.5958     2.5836     2.5518     2.4912     2.5057     2.4997     2.5163     2.4644     2.4173     2.4050     2.3888     2.3975     2.3724     2.3798     2.4150     2.4074     2.3891     2.3767     2.4106     2.3558     2.3575     2.4250     2.3900     2.3668     2.3839     2.3065     2.3921     2.3374     2.3210     2.3533     2.2955     2.3660     2.3519     2.3099     2.2905     2.2683     2.2534     2.3093 
Age 7                          0.1227     0.3774     0.5669     1.0786     3.3047     3.3169     4.6521     2.1507     1.8128     1.6056     1.4650     1.3493     1.2617     1.1807     1.1196     1.0944     1.0641     1.0567     0.9930     0.9938     0.9771     0.9440     0.9546     0.9510     0.9564     0.9341     0.9144     0.9082     0.9068     0.9149     0.8954     0.9052     0.9136     0.9173     0.9109     0.9121     0.9029     0.8938     0.8969     0.9180     0.9115     0.9006     0.9052     0.8640     0.8851     0.8851     0.8758     0.8878     0.8591     0.8771     0.8897     0.8634     0.8671     0.8486     0.8511 
Age 8                          0.0902     0.0563     0.1928     0.2886     0.5321     1.5474     1.5069     2.0516     0.9331     0.7796     0.6715     0.5960     0.5542     0.5093     0.4761     0.4488     0.4292     0.4101     0.4100     0.3892     0.3821     0.3758     0.3689     0.3657     0.3666     0.3693     0.3580     0.3483     0.3462     0.3420     0.3474     0.3423     0.3480     0.3459     0.3510     0.3469     0.3469     0.3404     0.3383     0.3378     0.3455     0.3419     0.3465     0.3444     0.3377     0.3333     0.3374     0.3347     0.3389     0.3268     0.3305     0.3361     0.3225     0.3268     0.3165 
Age 9                          0.0063     0.0409     0.0286     0.0983     0.1446     0.2552     0.7181     0.6800     0.9045     0.4062     0.3363     0.2871     0.2470     0.2288     0.2080     0.1935     0.1796     0.1709     0.1629     0.1608     0.1558     0.1505     0.1482     0.1427     0.1450     0.1442     0.1439     0.1381     0.1363     0.1342     0.1325     0.1336     0.1313     0.1334     0.1358     0.1361     0.1358     0.1323     0.1319     0.1321     0.1306     0.1347     0.1313     0.1334     0.1317     0.1293     0.1297     0.1307     0.1289     0.1290     0.1249     0.1260     0.1274     0.1233     0.1243 
Age 10                          0.0032     0.0030     0.0206     0.0147     0.0500     0.0700     0.1202     0.3307     0.3065     0.3996     0.1778     0.1445     0.1212     0.1032     0.0936     0.0847     0.0793     0.0733     0.0680     0.0660     0.0659     0.0624     0.0600     0.0591     0.0567     0.0577     0.0571     0.0564     0.0550     0.0535     0.0530     0.0531     0.0527     0.0522     0.0528     0.0531     0.0529     0.0536     0.0524     0.0520     0.0523     0.0511     0.0526     0.0518     0.0528     0.0514     0.0513     0.0506     0.0507     0.0504     0.0497     0.0485     0.0483     0.0479     0.0480 
Age 11                          0.0009     0.0015     0.0015     0.0103     0.0076     0.0246     0.0335     0.0563     0.1518     0.1379     0.1775     0.0784     0.0625     0.0512     0.0431     0.0387     0.0351     0.0328     0.0296     0.0279     0.0268     0.0269     0.0252     0.0244     0.0233     0.0230     0.0233     0.0230     0.0220     0.0218     0.0211     0.0210     0.0210     0.0214     0.0210     0.0213     0.0208     0.0210     0.0217     0.0205     0.0208     0.0209     0.0207     0.0212     0.0209     0.0207     0.0203     0.0209     0.0201     0.0198     0.0198     0.0200     0.0192     0.0192     0.0192 
Age 12                          0.0001     0.0004     0.0008     0.0008     0.0052     0.0038     0.0118     0.0158     0.0260     0.0691     0.0615     0.0790     0.0340     0.0267     0.0217     0.0182     0.0160     0.0144     0.0133     0.0121     0.0115     0.0110     0.0108     0.0102     0.0101     0.0095     0.0093     0.0093     0.0092     0.0088     0.0088     0.0085     0.0085     0.0084     0.0084     0.0084     0.0083     0.0083     0.0085     0.0085     0.0083     0.0083     0.0083     0.0082     0.0085     0.0085     0.0082     0.0083     0.0084     0.0079     0.0080     0.0079     0.0078     0.0075     0.0076 
Age 13                          0.0000     0.0000     0.0002     0.0004     0.0004     0.0026     0.0019     0.0056     0.0074     0.0119     0.0310     0.0272     0.0343     0.0148     0.0113     0.0091     0.0077     0.0068     0.0060     0.0056     0.0051     0.0048     0.0045     0.0044     0.0042     0.0041     0.0039     0.0037     0.0038     0.0037     0.0036     0.0035     0.0035     0.0035     0.0034     0.0035     0.0034     0.0034     0.0034     0.0035     0.0035     0.0034     0.0034     0.0034     0.0033     0.0033     0.0034     0.0034     0.0034     0.0034     0.0032     0.0032     0.0032     0.0031     0.0031 
Age 14                          0.0000     0.0000     0.0000     0.0001     0.0002     0.0002     0.0013     0.0009     0.0027     0.0034     0.0054     0.0140     0.0121     0.0150     0.0064     0.0049     0.0039     0.0033     0.0028     0.0025     0.0023     0.0021     0.0020     0.0019     0.0018     0.0017     0.0017     0.0016     0.0015     0.0015     0.0015     0.0015     0.0014     0.0014     0.0014     0.0014     0.0014     0.0014     0.0013     0.0014     0.0014     0.0014     0.0014     0.0014     0.0014     0.0013     0.0014     0.0014     0.0013     0.0014     0.0014     0.0013     0.0012     0.0013     0.0012 
Age 15                          0.0000     0.0000     0.0000     0.0000     0.0001     0.0001     0.0002     0.0007     0.0008     0.0016     0.0024     0.0036     0.0078     0.0089     0.0105     0.0076     0.0057     0.0043     0.0034     0.0028     0.0024     0.0021     0.0019     0.0017     0.0016     0.0015     0.0015     0.0014     0.0013     0.0013     0.0013     0.0013     0.0012     0.0012     0.0011     0.0011     0.0011     0.0011     0.0011     0.0011     0.0011     0.0011     0.0012     0.0011     0.0011     0.0011     0.0011     0.0012     0.0011     0.0011     0.0011     0.0011     0.0011     0.0010     0.0010 
